identifier,smiles,bus
ABAMIC,CN1CCN(C)CC1,[0]
ABEDAM,NCCCN,[]
ABEDEQ,C1CNCCN1,[]
ABEREE,Cc1ccncc1,[]
ABESIL,NCCN,[1]
ABESUX,NCCCCN,[1]
ABETAE,NCCCCCN,[1]
ABIXUG,CNC,[1]
ABOCEA,Cc1cccc(C)n1,[]
ABOCIE,c1ccncc1,[]
ABULIV,CCN,[1]
ABULOB,NCCCCCCN,[0]
ABUNOB,N=C(N)N,[]
ABUNOC,C1CN2CCN1CC2,[2]
ABUNUI,C1CN2CCN1CC2,[2]
ACADEO,C1CNCCN1,[3]
ACAGET,c1cnc2cccnc2c1,[4]
ACAHIW,CCCN(CCC)CCC,[4]
ACIFOK,CNC,[2]
ACIFUQ,CNC,[2]
ACISAJ,CNC,[2]
ACISEN,CNC,[2]
ACISIR,CNC,[2]
ACOKOT,CC1CNCCN1,[1]
ACOKUZ,NCCCCCCN,[1]
ACOMEL,NCCN,[0]
ACOTER,NCCCCCCN,[]
ADALOG,NCCCCN,[]
ADIPUZ,c1cc(-c2ccncc2)ccn1,[5]
ADOKOT,C1CC2CCC1CNC2,[5]
ADOSES,NCCN,"[4, 1]"
ADOSUI,c1c[nH]cn1,[]
AFEVUE,c1ccc(N=C(Nc2ccccc2)Nc2ccccc2)cc1,[]
AFEZIX,Nc1ccccc1N,[5]
AFILIL,NCCNCCN,[]
AFIVEQ,C1CNCCN1,"[6, 4]"
AFIVOA,C1CNCCN1,[6]
AFOFUX,C1CN2CCN1CC2,[7]
AFONAK,CC(N)c1ccccc1,[4]
AGABUF,C1CCNCC1,"[1, 8]"
AGEWOB,N=C(N)N,"[9, 7]"
AGEWUH,N=C(N)N,[7]
AGOKUF,c1ccncc1,[10]
AGOPIX,NCc1cccc(CN)c1,[1]
AGOSIY,NCCCN,[2]
AGUBUA,CC(CN)CCCN,[0]
AGUZIL,CCN(CC)CC,[11]
AHIZEX,C1CN2CCN1CC2,[1]
AHOJUC,NCCN,[0]
AHOKAJ,NCCN,[0]
AHOKUD,NCCCN,[1]
AHUROM,c1cn(CCCCn2ccnc2)cn1,[1]
AHUSAZ,c1ncn(CCCCCCn2cncn2)n1,[1]
AHUSED,c1cn(CCCCCCn2ccnc2)cn1,[1]
AHUSIH,CNC,[0]
AHUTAZ,C1CNCCN1,[1]
AJARUY,NCCN,[1]
AJESEN,N=C(N)N,[4]
AJEWER,CN1CCNCC1,[2]
AJEWIV,NCCN,[2]
AJIQEQ,NCCNCCN,[]
AJIRIV,NCCCN,[]
AJODOV,c1cc(CCCc2ccncc2)ccn1,[1]
AJOQOF,NCCN,"[12, 5]"
AJOSAT,CN,[]
AJOTEY,N=C(N)N,[0]
AJUKAS,C1CCCNCC1,[5]
AKELAF,C1CCNC1,[]
AKOHEO,NCCN,[1]
ALABIY,NCCN,[13]
ALECUP,NCCN(CCN)CCN,"[4, 1]"
ALEDAW,NCCN(CCN)CCN,"[4, 1]"
ALICOO,CNC,[8]
ALIHAG,c1cn(Cc2ccc(Cn3ccnc3)cc2)cn1,[1]
ALIQUH,C1CNCCN1,[4]
ALUPIH,C1CNCCNCCCNCCNC1,[0]
ALUPON,C1CNCCNCCCNCCNC1,[0]
AMAKIK,Nc1ccncc1,[2]
AMAKOQ,Nc1ccncc1,[2]
AMATEP,Nc1ccncc1,[2]
AMAVER,Nc1ccncc1,[2]
AMAVUH,Nc1ccncc1,[2]
AMIYIG,NCCCCN,[7]
AMIYOM,NCCCCN,[7]
AMIZAZ,NCCCCN,[7]
AMIZON,NCCCCN,[7]
AMOBEL,NCCCCN,[7]
AMOGIS,C1CN=C2NCCCN2C1,[]
AMOGOY,C1CN=C2NCCCN2C1,[]
AMOGUE,C=CCC1(CC=C)CCN2CCC(CC=C)(CC=C)NC2=N1,[]
AMOHAL,C=CCC1(CC=C)CCN2CCC(CC=C)(CC=C)NC2=N1,[]
AMOHEP,c1ccc(C2(c3ccccc3)CCN3CCC(c4ccccc4)(c4ccccc4)NC3=N2)cc1,[]
AMOMUM,NCCCCN,[7]
AMONAT,NCCCCN,[7]
AMURUX,NCCCCN,[7]
AMUXIQ,CNC,[]
ANEFIK,CCCN(CCC)CCC,[4]
APIPUL,CCN(CC)CC,[8]
APIZEF,NCCN,[]
APOFIV,CCN(CC)CC,[8]
APOGOD,CNC,[7]
APOZIO,NCCN,"[2, 11]"
AQOURI,c1c[nH]cn1,[10]
AQUPAE,NCCN,[2]
ARABIF,NCCN1CCNCC1,[]
AROYOW,Nc1cccnc1,[]
ARUFIC,NCCCN,[6]
ARUYOB,NCc1cccc(CN)c1,[0]
ARUYUH,CCCN,[0]
ASEMIU,NCCN,[]
ASEQIA,NC1CN2CCC1CC2,[3]
ASEQOG,NC1CCNC1,[3]
ASEQUM,NCCCCN,[3]
ASERAT,NCCCNCCCCNCCCN,[3]
ASEREX,NCCCN,[3]
ASERIB,NCC1CCCCN1,[3]
ASEZOP,c1cc(CCCc2ccncc2)ccn1,[1]
ASEZUV,c1cc(CCCc2ccncc2)ccn1,[1]
ASIBAH,c1cc(CCCc2ccncc2)ccn1,[1]
ASOJAT,NCCN,[1]
ASOMUS,C(=Cc1ccncc1)c1ccncc1,[]
ASOWEK,C1CN2CCN1CC2,[]
ASOXOV,C1CN2CCN1CC2,[4]
ATAHEI,NCCN,[3]
ATECIN,Nc1ccccn1,[1]
AWAJOY,CNC,[]
AWAJUE,CNC,[]
AWASEW,NCCNCCNCCNCCN,[1]
AWEFAK,CC1CNCCN1,[1]
AWEFIS,CN1CCNCC1,[1]
AWEKUI,C1CNCCN1,[1]
AWIFER,NCCN,[0]
AWIPUT,c1cc(CCCc2ccncc2)ccn1,[]
AWOJIG,CNCCNC,[4]
AWOPOS,Cc1ccnc(N)c1,[]
AWOQAF,CCN(CC)CC,[8]
AXAFAG,C1CN2CCN1CC2,[1]
AXAFEK,NCCN,[]
AXOHOL,CC1CNC(C)CN1,[]
AXOHUR,CC1CNCCN1,[]
AXORUB,c1ccncc1,[1]
AXOSAI,c1ccncc1,[1]
AXUPEO,C1CN2CCN1CC2,[1]
AYEJIY,NCCNCCN,[2]
AYEJOE,NCCNCCN,[2]
AYEMAT,NCCCCCCCCCN,"[13, 3]"
AYILOK,NCCN,[1]
AYIMIF,NCCN,[2]
AYIZOY,CNCCNC,[4]
AYOKII,c1cc(-c2ccncc2)ccn1,[1]
AYUPAL,C1CNCCN1,[2]
AYUPEP,C1CN2CCN1CC2,[2]
AYUPIT,NCCCN,[2]
AYUPOB,NCCNCCNCCNCCN,"[14, 12]"
AZECUD,c1ccc(-c2cccc(-c3ccccn3)n2)nc1,[10]
AZEDAK,c1ccc(-c2ccccn2)nc1,[10]
AZEDIS,c1ccncc1,[10]
AZEMUO,Nc1ccccc1,[]
AZENAV,Nc1ccccc1,[]
AZEWAD,NCCN,[2]
AZEWEH,C1CNCCN1,[2]
AZEWIL,NCCN,[2]
AZEWOR,NCCCN,[2]
AZEZEK,CNC,[1]
AZIQAB,NC1CCCCC1,[1]
AZONIM,CC1CNC(C)CN1,[1]
AZOPEK,NC1CCC(N)CC1,[1]
AZOWIV,NCCNCCN,"[12, 1]"
AZOWOB,NCCN,"[12, 1]"
BAGPEE,N=C(N)N,[]
BAGXOZ,NCCN,[]
BAHQOR,CN1CCNCC1,[1]
BAKFAV,N=C(N)N,[0]
BAKFEZ,NCCCN,[0]
BAKKUV,N=c1[nH]cn[nH]1,[5]
BAMMEK,c1cn(-c2ccc(N=Nc3ccc(-n4ccnc4)cc3)cc2)cn1,[]
BANDAV,N=C(N)N,[15]
BARHOS,CNC,[1]
BARWEX,c1ccncc1,[]
BATCOQ,Nc1cccnc1,[1]
BAVXAX,NCc1ccccc1,[4]
BAVXEB,NCCCN,[4]
BAWZAC,CCCCN,[]
BAWZEG,CCCCN,[11]
BAXKAM,NCCN,[]
BAXMIW,CNC,[]
BAXMUI,C1CNCCN1,[]
BAXPUL,NCCN,[]
BAYBOT,NC1CCC(N)CC1,[0]
BAYBUY01,CCc1cccnc1,[]
BEBFAQ,C1CNCCN1,[16]
BECQUV,C1CN2CCN1CC2,"[14, 12, 1]"
BECRAD,C1CN2CCN1CC2,[17]
BEDNAA,NCCCN1CCN(CCCN)CC1,[6]
BEFKUU,CCCN(C)CCC,[1]
BEFLAB,CN,[1]
BEFLEF,CNC,[1]
BEFLIJ,CNC,[1]
BEFMAC,CC(C)(CN)CN,[1]
BEFMEG,C1CNCCN1,[1]
BEFMIK,C1CN2CCN1CC2,[1]
BEFMOQ,NCCCN,[1]
BEFMUW,CNCCN,[1]
BEFNAD,CNCCN,[1]
BEFNEH,NCCCN,[1]
BEFNIL,NCCN,[1]
BEFNOR,NCCCCN,[1]
BEFNUX,NCCCCN,[1]
BEFPAF,CC1(C)CC(N)CC(C)(C)N1,[1]
BEHKAA,CN(C)CCN(C)C,[1]
BEJHAC,CCCCN(CCCC)CCCC,[4]
BEKDIF,C1CCNCC1,[1]
BEKSAM,NCCN,[1]
BEMJAG,NCCN(CCN)CCN,[]
BEMWAT,N=c1cccc[nH]1,[4]
BERVUQ,NCCN,[13]
BERWAX,C1CNCCN1,[13]
BESJIT,NC1CCC(N)CC1,[1]
BEVKUJ,NCc1ccccc1,[2]
BEVLAQ,NCCCNCCNCCCN,[2]
BEWSIF,N=C(N)N,[]
BEYSAZ,CNC,[2]
BEZBAL,c1c[nH]cn1,[5]
BEZLEX,NCCN,[]
BEZVIO,CNC,[0]
BEZVOU,CNC,[0]
BEZVUA,CNC,"[3, 0]"
BEZWAH,CNC,"[11, 0]"
BICGID,CCCN,[]
BICGIG,CN,[]
BICGOJ,CC(C)N,[]
BICGOM,Cc1ccc(C)c(N)c1,[]
BICPOT,CN(C)c1ccncc1,[1]
BIQFAL,c1c[nH]cn1,[7]
BIQFOW,c1ccncc1,[1]
BIQHUH,c1c[nH]cn1,[7]
BIQNUM,C1CNCCN1,[2]
BIQPAU,C1CN2CCN1CC2,"[2, 10]"
BIQREA,CN1CCN(C)CC1,"[0, 4]"
BIQRIE,CN1CCN(C)CC1,"[0, 4]"
BIQSAX,c1cc(-c2ccncc2)ccn1,[5]
BITREB,CC(C)(C)N,[]
BITRIF,CC(C)(C)N,[]
BIVLUQ,NCCNCCN,[1]
BIVSOO,c1cc(-c2ccncc2)ccn1,[10]
BIVXUZ,CN,[]
BIVYEK,CN,[]
BIWGUJ,NCCCCCCN,[1]
BIWHAQ,NCCCCCCCCN,[1]
BIWLUO,C1CNCCN1,[1]
BIWMAV,C1CNCCN1,[1]
BIWWAG,C1CNCCN1,[4]
BIWWEK,c1cc(-c2ccncc2)ccn1,[4]
BIYFEV,NCCN,[1]
BIYFIZ,NCCN,[1]
BOFBII,c1ccncc1,[4]
BOJBOS,CN(C)CCN(C)C,[]
BOJDAG,c1ccncc1,[1]
BOKJIV,CCNCCNCC,[]
BOKJOB,CCNCCN(C)C,[]
BOKJUH,CN(C)CCN(C)C,[]
BOKKAO,NCCN(CCN)CCN,[]
BOKKES,CCNCCNCC,[]
BOKKIW,CCNCCN(C)C,[]
BOKKOC,CN(C)CCN(C)C,[]
BOKKUI,NCCN(CCN)CCN,[]
BOKVUU,CN,[2]
BOKWAB,N=C(N)N,[13]
BOLQIE,N#CN=C(N)N,[1]
BOMZOT,CCNCC,[1]
BOMZUZ,CCNCC,[1]
BOPMUR,CNC,[7]
BOPNAY,CNC,[7]
BOPNEC,CNC,[7]
BOPNIG,CNC,[7]
BOPNOM,CNC,[7]
BOPNUS,CNC,[7]
BOPPUU,CNC,[7]
BOQNIE,CNC,[1]
BOQVIN,NCCN,[]
BOQWUC,CN(C)C12CC3CC(C)(CC(C)(C3)C1)C2,[1]
BOTHAU,CN,[6]
BOWRAH,NCCCN,"[12, 1]"
BOWSOW,c1cc(-c2ccncc2)ccn1,[0]
BOWSUC,NCCNCCN,[0]
BOXWAN,NCCN,"[14, 12]"
BOXWER,NCCCN,"[14, 12]"
BOXWIV,NCCCCN,"[14, 12]"
BOXYAQ,CC(N)CN,"[4, 1]"
BOXYEU,CCCN,"[4, 1]"
BOXYIY,CN1CCNCC1,"[4, 1]"
BUAMDW10,CCCCN(CCCC)CCCC,[]
BUBQOE,C1CNCCN1,[0]
BUCREZ,c1ccc2[nH]cnc2c1,[4]
BUCRID,c1ccc2[nH]cnc2c1,[4]
BUDRUP,N=C(N)N,[11]
BUGWUV,N=C(N)N,[6]
BURHIG,C1CNCCN1,[0]
BURHUS,CNC,[0]
BUTHUU,CC(N)CN,[6]
BUWKEL,Nc1ccncc1,[1]
BUWZUP,c1cc(CCCc2ccncc2)ccn1,[]
BUZTIB,CNC,[]
BUZTUN,CNC,[]
CACKOI,NCCN,[6]
CADPED,NCCCN,[0]
CADPIH,NCCCNCCN,[1]
CAFKIG,c1c[nH]cn1,[]
CAGXIS,NCCCN1CCN(CCCN)CC1,[1]
CAGZOA,NCCN,[1]
CAGZUG,NCCN,[1]
CAHBET,NCCCCCCN,[1]
CAHFOH,NCCCCCCCCCCCCN,[1]
CAHMAZ,N=C(N)N,[4]
CAHQOS,NC1CCC1,[1]
CAHSOU,NCCN,[1]
CAHVAJ,C1CNCCN1,[1]
CAHVEN,C1CNCCN1,[1]
CAKSOY,NCCN,[6]
CANCUR,C1CN2CCC1CC2,[5]
CANFUS,Nc1nc(N)nc(N)n1,[]
CANVEV,NCCN1CCNCC1,[1]
CANZIB,NCCN,[1]
CANZOH,NCCCCN,[1]
CANZUN,NCCCCN,[1]
CAPBAX,NC1CCCCC1,[1]
CAPBEB,NCCN,[]
CAPBIF,CC1(C)CC(N)CC(C)(C)N1,[1]
CAPBOL,CC1(C)CC(N)CC(C)(C)N1,[1]
CAPCAA,NCCN,[]
CAPCEC,NCCN,[2]
CAPCIG,NCCN,[2]
CAPTIZ,CCN,[13]
CAPTOF,CCN,[13]
CAPTUL,CCN,[13]
CAPVAT,CCN,"[13, 3]"
CAQJOV,NCCN,[]
CAQWOJ,NCCN,[1]
CASHUA,NCCN,[2]
CASJEM,c1ccncc1,[2]
CASNIU,CN(C)CCN,[]
CASQIY,c1cnc2c(c1)ccc1cccnc12,[1]
CASWIE,NC1CCCCC1,[0]
CAVMIW,CCN,[4]
CAVTUR,Cc1n[nH]c(C)c1Cc1c(C)n[nH]c1C,[1]
CAWTOM,c1ccc2[nH]cnc2c1,[1]
CAXHAK,C1=Cc2nc1c(-c1ccccc1)c1ccc([nH]1)c(-c1ccccc1)c1nc(c(-c3ccccc3)c3ccc([nH]3)c2-c2ccccc2)C=C1,[20]
CAXPEX,NCCN,[]
CAYSOL,CCN,[4]
CAZXUY,NCCN,[1]
CAZYAF,NCCCCCCN,[1]
CEDTIR,CCCCCCCCCCCCn1ccnc1,[]
CEHLIN,c1cc(-c2ccncc2)ccn1,[6]
CEHQAJ,NCCCN1CCN(CCCN)CC1,[]
CEHQEN,NC1CCCNC1,[]
CEHQIR,NC1CCCNC1,[]
CEHYOF,NCCN,[1]
CEJLEI,CCN(CC)CC,[]
CEJVET,C1CNCCN1,[2]
CEJVIX,NCCN,[2]
CELFIJ,Cc1ncc[nH]1,[8]
CEMLIP,CNC,[]
CEQBUV,NC1CCCCC1N,[1]
CERLET,C(=Cc1ccncc1)c1ccncc1,[1]
CERVUR,CC1CCNCC1,[1]
CETJIX,C1CNCCN1,[]
CETJUJ,C1CNCCN1,[]
CETSIG,c1cc(N2CCNCC2)ccn1,[4]
CETSOM,c1cc(CCc2ccncc2)ccn1,[4]
CEWJIZ,CCNCC,[]
CEXPED,CNC,[0]
CEXPIH,CNC,[]
CEYZIR,c1cnc2c(c1)ccc1cccnc12,[4]
CHAMMO,NC1CCCCC1,[]
CICZEU,Nc1cccnc1,[2]
CIDJOO,Cc1cccnc1,[]
CIDTAM,CNC,[3]
CIDTEQ,CNC,[3]
CIHKAI,CNC,[8]
CIJGEK,CC(=N)N,[7]
CIJJEN,CC(=N)N,[7]
CIJJIQ,c1c[nH]cn1,[]
CIJJOW,c1c[nH]cn1,[]
CIJJOX,CC(=N)N,[7]
CIJJUC,c1c[nH]cn1,[]
CIKLOY,CCN(CC)CC,[13]
CIKLUE,CCCCN,[13]
CIKMAL,NCCCCCCN,[13]
CIKMEP,NCCCCCCCN,[13]
CIKMIT,NCCCCCN,[13]
CIKMOZ,NCCCCCCCCN,[13]
CIKMUF,CC(C)(C)N,[13]
CIKNAM,NCCCCN,[13]
CIKNEQ,CC(C)N,[13]
CIKNIU,CCN(CC)CCN,[13]
CIKYIF,CCN(CC)CC,[13]
CIMROI,CNC,[1]
CIMVEB,c1ccncc1,[10]
CIMWAX,C1CNCCNCCCNCCNC1,[1]
CINFOW,c1cc(CCCc2ccncc2)ccn1,[1]
CINKUI,Nc1nc(N)nc(N)n1,[4]
CINLAP,Nc1nc(N)nc(N)n1,[4]
CIQPEZ,c1ccncc1,[5]
CIRBIR,Cc1cccc(N)c1,[1]
CIRVIJ,C1CNCCN1,[2]
CIRVIK,NCCN,[]
CIRVOP,NCCNCCN,[2]
CIRVOQ,NCCN,[]
CISFOA,NCCCN,[1]
CIVPIG10,Nc1ccccn1,[]
CIXGOG,NCCNCCN,[1]
CIXGUM,NCCN(CCN)CCN,[1]
CIXSEI,c1cc(-c2ccncc2)ccn1,[4]
CIXSIM,c1cc(-c2ccncc2)ccn1,[4]
CIXSOS,NCCCNCCNCCCN,[4]
CIXTIN,C1CNCCNC1,[4]
CIYPOS,CCCNCCC,[4]
CIYPUY,CC(C)NC(C)C,[4]
CIYQAF,C1CN2CCN1CC2,[4]
COBRET,CN,[7]
COBSIY,CN,[7]
COBSUK,CN,[7]
COCYOI,c1ccc(-c2ccccn2)nc1,[10]
CODGAE,NC1CCCCC1,[1]
CODLIT,CCN,"[4, 10]"
CODMUF,CC1CNCC(C)N1,[0]
CODNAM,CC1CN(C)CC(C)N1,[0]
COFGOT10,C1N2CN3CN1CN(C2)C3,[]
COFMIU,CC(C)N,[5]
COFMOA,CC(C)N,[5]
COFNIV,NCCCCCN,[]
COGKEP,NCCNCCN,[1]
COGNIW,CNC,"[1, 8]"
COHSEZ,c1ccc2[nH]cnc2c1,[1]
COHSID,c1c[nH]c(-c2ncc[nH]2)n1,[1]
COHXOM,NCCN,[1]
COJVEF,CN1CCNCC1,"[0, 4]"
COJVIJ,CCN1CCNCC1,"[0, 4]"
COKJES,c1ccncc1,[8]
COKZAG,CNC,"[0, 4]"
COKZEK,CNC,"[0, 4]"
COKZIN,c1cn(CCCCn2ccnc2)cn1,[1]
COLMAU,CC(C)NC(C)C,[1]
COLSIG,Cc1nccn1CCCCn1ccnc1C,[]
COLZEJ,c1cc(Nc2ccncc2)ccn1,[1]
COLZOU,c1c[nH]c(-c2ncc[nH]2)n1,[1]
COMQUT,c1cc(Cn2ccnc2)cc(Cn2ccnc2)c1,[]
COPJOJ,CNC,[0]
COPJUP,CNC,[3]
COPKAW,CNC,[]
COPKIE,CNC,[3]
COPKOK,CNC,"[0, 3]"
COPKUQ,CNC,[0]
COPLAX,CNC,[0]
COPLEB,CNC,[3]
COQMIE,CCNC1CC(C)(C)NC(C)(C)C1,[1]
COQNIF,CCCNCCC,[1]
COVCAU,c1ccncc1,[1]
COVJUV,c1c[nH]cn1,[22]
COVMOQ,CNC,[4]
COVVAL,C1CNCCN1,[1]
COVVIT,c1cc(-c2ccncc2)ccn1,[1]
COXHED,CNC,[4]
COXHIH,CNC,[4]
COXHON,CNC,[4]
COXYAP02,c1ccncc1,[]
COZCUS,Nc1ccccn1,[1]
COZDAZ,Nc1ccccn1,[1]
COZDED,Nc1ccccn1,[1]
CUBVAX,NCCNCCNCCN,[3]
CUGGOC,N=C(N)N,[1]
CUHCIR,CCNCC,"[1, 1]"
CUHQIG,CNC,[5]
CUJFEU,c1ncn(CCCCCCn2cncn2)n1,[1]
CUJYAJ,Nc1cccnc1,[]
CUMCES,N=C(N)N,[8]
CUMCIW,N=C(N)N,[8]
CUMCOC,N=C(N)N,[8]
CUMCUI,N=C(N)N,[8]
CUMDAP,N=C(N)N,[8]
CUMNEG,Nc1ccccn1,[1]
CUNQEJ,NCCCCN,"[4, 1]"
CUNQIN,NCCCCN,"[4, 1]"
CUNQOT,NCCCCN,"[4, 1]"
CUNQUZ,NCCCCN,"[4, 1]"
CUNRAG,NCCCCN,"[4, 1]"
CUNXIS,C1CCNC1,[1]
CUPBEW,NCCCCN,"[4, 1]"
CURPIQ,CN(C)c1ccncc1,[4]
CUTGEE,C1CN2CCN1CC2,[0]
CUTGII,C1CN2CCN1CC2,[0]
CUWTEV,NCCCCN,[4]
CUWTIZ,NCCCCN,[4]
CUXDUU,CC(C)N,[1]
DABKIA,CN,[4]
DABZUE,CN(C)c1ccncc1,[4]
DADTOS,CNC,[7]
DADTUY,CNC,[7]
DADVAG,CNC,[7]
DADXEO,c1ccncc1,[2]
DAGBIZ,NCc1cccc(CN)c1,[]
DAGBUL,c1cc(-c2ccncc2)ccn1,[]
DAHNAC,c1cc(-c2ccncc2)ccn1,[]
DAHNOQ,N=C(N)N,[4]
DAHYUH,c1c[nH]cn1,[]
DAHZOC,CN(C)Cc1ccccc1,[5]
DAKNOT,NCC1CCNCC1,[]
DALROA,CN,[4]
DALRUG,CN,[4]
DALSAN,CN,[4]
DALSER,CN,[4]
DAMYEW,c1cnc2c(c1)ccc1cccnc12,[10]
DAQNUE,c1ccncc1,[11]
DAQVOH,CC(C)(C)c1cc(C(C)(C)C)[nH]n1,[]
DARJOX,CCNCC,[1]
DARJUD,CCNCC,[1]
DATTEY,Nc1ccc(N)cc1,[]
DATTIC,Nc1ccccc1N,[]
DATTOI,Nc1cccc(N)c1,[]
DAVWUT,NCCN(CCN)CCN,[1]
DAXNIA,CNC,[7]
DAYGES,CCCCCCCCN,[]
DAYGIW,CCCCCCCCN,[]
DAYKOE,NCCN,[2]
DCHXMO,C1CCC(NC2CCCCC2)CC1,[]
DEBQOT,CNC,[0]
DECDUN,C(CC1CCNCC1)CC1CCNCC1,[4]
DECGAW,NCCCNCCCN,[4]
DECXUF,NCCN,[1]
DEDNIK,NCc1ccccc1,[0]
DEDPOT,CC(C)N,[]
DEDPUZ,CC(C)N,[]
DEFPIO,Nc1ccccn1,[]
DEFPOU,Nc1ccccn1,[1]
DEFPUA,Nc1ccccn1,[1]
DEJBAY,c1ccc2[nH]cnc2c1,[1]
DEJBIG,c1ccc2[nH]cnc2c1,[5]
DEJHOS,NCCNCCN,[1]
DEJRIW,Nc1cnccn1,[]
DEKHAE,CC(C)N,[]
DELNEO,NCCNCCNCCN,[4]
DELNIS,Cc1cccc(N)c1C,[1]
DELSIX,Nc1ccncc1,[]
DELYOJ,NCCCCN,[]
DEPJIR01,N=CN,[7]
DEPQEV,NCCCNCCNCCCN,[1]
DEPQIZ,C1CNCCNC1,[1]
DEPQOF,C1CNCCNC1,[1]
DEPSEW,C1CN2CCC1CC2,[1]
DEPTOH,C1CN2CCC1CC2,[1]
DETLIA,c1cc(CCCc2ccncc2)ccn1,[1]
DETLOG,c1cc(CCCc2ccncc2)ccn1,[1]
DETLUM,c1cc(CCCc2ccncc2)ccn1,[1]
DETMAT,c1cc(CCCc2ccncc2)ccn1,[1]
DEWVAD,c1cc(CCc2ccncc2)ccn1,[]
DEXSEF,c1ccc(-c2ccccn2)nc1,[]
DIBMOS,NCCNCCN,"[14, 12]"
DIDLOU,CN(C)C,[]
DIFVAP,c1c[nH]cn1,[]
DIFYAS,Cc1cnc[nH]1,[]
DIKZIH,CC(N)CN,[0]
DIMVIG,NCCCN,[3]
DIMWED,NCCN,[1]
DINCIP,NCCCNCCNCCCN,[3]
DINRUQ,c1c[nH]c(-c2ncc[nH]2)n1,[1]
DIPGAM,C1CCNCC1,[]
DIPVIK,CNC,[2]
DIRBIP,CC(C)N,[1]
DISSOO,NCCNCCN,[1]
DISSUU,NCCNCCN,[1]
DISTAB,NCCNCCNCCNCCN,[1]
DIVMEB,C1CNCCN1,"[13, 4]"
DIVMIF,C1CNCCN1,"[13, 4]"
DIVMOL,C1CNCCN1,"[13, 4]"
DIVMUR,C1CNCCN1,"[13, 4]"
DIVNAY,C1CNCCN1,"[13, 4]"
DIVNIH,CNCCNC,"[2, 4]"
DIXHIC,NCCNCCN,[1]
DIZBAR,CNC,[]
DIZFOH,CN,[]
DIZJED,CNC,[]
DIZJUT,c1cc(-c2ccncc2)ccn1,"[6, 11]"
DIZYER,CN,[10]
DOBKOV,C1N2CN3CN1CN(C2)C3,[]
DODQOD,C1CNCCN1,[6]
DODQUJ,NCCN,[6]
DODRUJ,NCCN,[1]
DOHDOU,CNC,[7]
DOJQUQ,CNC,[3]
DOLFIV,CC(C)NC(C)C,[4]
DOMJIZ,c1ccc(-c2ccccn2)nc1,[4]
DOMJOF,c1cnc2c(c1)ccc1cccnc12,[4]
DONXOW,c1cc(-c2ccncc2)ccn1,"[2, 4]"
DOPZUF,NCCN,[2]
DOWQIP,NCCNCCN,[1]
DOWYAP,CC1CNCCN1,[1]
DOWZUK,CN1CCN(C)CC1,[1]
DUBBEI,NCCCN1CCN(CCCN)CC1,"[4, 1]"
DUCDOV,C1CCNCC1,[]
DUFBAJ,c1ccc2[nH]nnc2c1,[5]
DUFBEN,c1ccc2[nH]nnc2c1,[5]
DUHGET,c1cc(-c2ccncc2)ccn1,[4]
DUJGEX,c1cc(-c2ccncc2)ccn1,[1]
DUKMOL,Cc1ccccn1,[]
DUMBET,c1ccc2ncccc2c1,[1]
DUMFAT,N=C(N)N,[]
DUQCOK,c1cc(CCCc2ccncc2)ccn1,[1]
DUQYEU,CNC,[4]
DURPEM,c1ccncc1,[2]
DUSWAP10,NCCN,[5]
DUWQUJ,NCCN,"[4, 1]"
DUWRAQ,NCCCCN,"[4, 1]"
DUWREU,NCCCCN,"[4, 1]"
DUWROE,CN(C)CCCNCCCN(C)C,"[4, 1]"
DUWRUK,C1CNCCN1,"[4, 1]"
DUWSAR,NCCCNCCCN,"[4, 1]"
DUWTAS,NCCCN,"[4, 1]"
DUXHAH,Nc1ccc(N=Nc2ccccc2)cc1,[1]
DUXNIU,CC(N)CN,[11]
DUZKIT,C1=Cc2nc1c(-c1ccncc1)c1ccc([nH]1)c(-c1ccncc1)c1nc(c(-c3ccncc3)c3ccc([nH]3)c2-c2ccncc2)C=C1,[10]
EBEWUG,CCCCCCN,[0]
EBEXAN,CCCCCN,[0]
EBEXER,CC(C)CN,"[0, 1]"
EBEXIV,NC1CCCCCCC1,[0]
EBEXOB,NC1CCCCC1,[0]
EBEXOY,Cc1nccn1C,[1]
EBITAL,NCCCN,[0]
ECAMIG,CC1(C)CC(N)CC(C)(CN)C1,[0]
ECAVEK,NCCN,[]
ECAVIO,NCCCN,[]
ECEGAU,NCCN,[1]
ECIYEU,CNC,[1]
ECIZAS,c1cc(-c2ccncc2)ccn1,[1]
ECIZEW,c1cc(-c2ccncc2)ccn1,[1]
ECIZIA,c1cc(-c2ccncc2)ccn1,[1]
ECODOQ,NCCNCCN,[0]
ECOFAE,NCCN,[0]
ECOLOX,CCNCC,[1]
ECONIU,CN(C)CCN,[1]
ECULOF,CN(C)c1ccncc1,[4]
ECULUL,CN(C)c1ccncc1,[4]
ECUZOS,c1cc(-c2ccncc2)ccn1,[]
EDEPOS,NCCCN,[1]
EDIKEH,CC(N)CN,[4]
EDIKIL,CC1=NCCCN1,[4]
EDOVOJ,CC(N)c1ccccc1,[1]
EDOYOL,NCCCN,[1]
EDOYUR,c1c[nH]cn1,"[12, 1]"
EDUKIZ,NCCCCN,[]
EDUQIE,NCCN,[]
EFAHAX,CN(C)CCN(C)C,[]
EFILUA,CN1CCNCC1,[1]
EFIMOV,NCCN(CCN)CCN,[1]
EFIMUB,C1CNCCN1,[1]
EFIRER,CNC,[5]
EFOMOC,Nc1cccc(N)c1,[1]
EGEQIQ,NCCCCCCCCN,[1]
EGIRUI,c1cc(CCCc2ccncc2)ccn1,[]
EGOHOY,c1cncc(-c2nc3ccccc3[nH]2)c1,[1]
EGUBOY,C1CNCCN1,[]
EHACUL,NCCCN,[]
EHADAS,NCCNCCN,[]
EHADEW,NCCCNCCN,[]
EHAGEA,CNC,[7]
EHAXIU,N=C(N)N,[4]
EHAXOA,N=C(N)N,[4]
EHIBIH,CN,"[14, 12]"
EHIHEI,NCCN,[1]
EHUJOH,c1ccncc1,[1]
EJATIS,C1CNCCN1,[1]
EJEBUR,NCCCCCCN,[1]
EJEWAT,NCCCN,[2]
EJUVIO,CN,[1]
EJUVOU,CN,[1]
EKELAJ,CNC,[11]
EKELEN,CNC,[11]
EKELIR,CNC,[11]
EKELOX,CNC,[11]
EKELUD,CNC,[11]
EKEMAK,CNC,[11]
EKEPUF,NCCCN1CCN(CCCN)CC1,[2]
EKEQAM,NC1CCC(N)CC1,[2]
EKIDAD,NCCCN,[1]
EKIDEH,NCCN(CCN)CCN,[1]
EKIDIL,NCCN(CCN)CCN,[1]
EKIVIE,CN,"[14, 12]"
EKIVOK,CN,"[14, 12]"
EKUPUX,Cc1n[nH]c(C)c1-c1c(C)n[nH]c1C,[1]
EKUQAE,Cc1n[nH]c(C)c1-c1c(C)n[nH]c1C,[1]
ELEJEM,Cc1ncc[nH]1,[4]
ELIYAA,NCCN,[1]
ELOHOC,NCCN1CCNCC1,[2]
ELOHUI,NCCN1CCNCC1,[2]
ELOJAQ,NCCCN1CCN(CCCN)CC1,[]
ELOJEU,NCCCCCCN,[]
ELOJIY,NCCCN,[]
ELOJOE,NCCN,[]
EMAJIL,NCCCN,[4]
EMAKIM,C1CNCCN1,[13]
EMAKOS,CN1CCN(C)CC1,[13]
EMAQUE,c1c[nH]cn1,[5]
EMIXOO,Nn1c(-c2ccncc2)nnc1-c1ccncc1,[]
EMODEP,CN(C)CCCN,[4]
EMODIT,CN(C)CCCN,[1]
EMODOZ,CN(C)CCCN,[1]
EMOKUN,NCCN,[5]
EMORAZ,C1CN2CCN1CC2,[]
EMORED,NCCN,[]
EMOSII,CN(C)CCN(C)C,[1]
EMOSOO,NCCCCN,[1]
EMUDIB,c1c[nH]cn1,[]
ENEBUV,Nc1ccccn1,[]
ENECIK,Nc1cccnc1N,[]
ENIFIR,NCCN,[2]
ENIFOX,NCCN,[2]
ENIFUD,CNCCNC,[2]
ENIGAK,CN(C)CCN(C)C,[2]
ENIYEG,C1=Cc2nc1c(-c1cccnc1)c1ccc([nH]1)c(-c1cccnc1)c1nc(c(-c3cccnc3)c3ccc([nH]3)c2-c2cccnc2)C=C1,[10]
ENOGAQ,NCCNCCNCCN,[2]
ENOGEU,c1ccc(-c2cccc(-c3ccccn3)n2)nc1,[2]
ENUHOL,C1CNCCN1,[]
EPERAU,NCCCCN,[1]
EPEREY,C1CNCCN1,"[1, 1]"
EPERUN,c1ccncc1,[6]
EPESEY,CCCCC(CC)CNCC(CC)CCCC,[6]
EPESIC,c1ccncc1,[6]
EPESOI,NCCCN,[6]
EPEYEF,NC1CCC(N)CC1,[1]
EQICOX,CN(C)C(=N)N(C)C,[]
EQOZIU,CNC,[26]
EQUCOI,NCCN,[1]
ERETUS,NCCNCCN,[5]
ESIVOS,CN1CCCC1,[1]
ESIVUY,c1ccncc1,[1]
ETAKUG,CCN(CC)CC,[4]
ETECAJ,CC(N)CN,[4]
ETECEN,CN1CCN(C)CC1,[4]
ETECIR,CCN1CCNCC1,[4]
ETECOX,CCN1CCNCC1,"[2, 4]"
ETECUD,CN1CCN(C)CC1,[4]
ETEDAK,CC(C)NC(C)C,[4]
ETEXEI,Nc1ccncc1,[0]
ETODIA,C1CN2CCN1CC2,[]
ETUWEW,CNC,[4]
ETUWIA,CNC,[4]
ETUXEW,CN1CCN(C)CC1,[0]
ETUYAT,NCCCN,[3]
EVOTEQ,CNC,[2]
EWAVIH,NCCCNCCNCCCN,[1]
EWAVON,NCCCNCCNCCCN,[1]
EWAYUW,NCCN,[0]
EWECIS,C1CN2CCN1CC2,[2]
EWERUT,NCCN,[3]
EWILAY,CNCCN,[]
EWILEC,CNCCNC,[]
EWILIG,CN(C)CCN(C)C,[]
EWILUS,C(=Cc1ccncc1)c1ccncc1,[4]
EWULAK,c1cc(CCCc2ccncc2)ccn1,[1]
EWULOY,c1cc(CCCc2ccncc2)ccn1,[6]
EWUYIG,c1ccncc1,[4]
EXABUC,c1ccncc1,[4]
EXAQUR,c1ccnnc1,[1]
EXEJUM,NCCN,[13]
EXELUO,Nc1ccc(N)cc1,[0]
EXEPEC,NCCN,"[14, 12]"
EXISEL,C1CNCCN1,[]
EXOTUG,Nc1ccc(-c2ccc(N)cc2)cc1,[]
EXOYAR,Cc1ncc[nH]1,[1]
EXUBOQ,NCCN,"[14, 12]"
EXUYIG,C1CNCCN1,"[12, 1]"
EYAFEP,NCCN1CCNCC1,[1]
EYAFOB,CNC,"[4, 10]"
EYAFUH,CCNCC,[4]
EYAGES,CCN(CC)CC,[4]
EYAGIW,CN(C)C,[4]
EYAGOC,CCN(C)CC,[4]
EYAHOD,CN(C)C,[4]
EYAHUJ,CCN(C)CC,[4]
EYAJUL,CCN(CC)CC,[4]
EYAKOG,CCCN(CCC)CCC,[4]
EYAKUM,CCN,[4]
EYALEX,CCN,[4]
EYALOH,CCCNCCC,[4]
EYAYEK,CC(C)NC(C)C,[4]
EYOSAM,CC(N)CN,[]
EYOYUO,NCCCCN,[4]
EYUXIF,NCCN,[1]
EZAWIL,CCN,[4]
EZENIG,NCCN1CCNCC1,"[0, 1]"
EZOXIB,C1CNCCN1,[1]
FACMOM,NCCCN,[1]
FAFHAX,NCCCN,[5]
FAFHEB,NCCN(CCN)CCN,[]
FAGNEH,Cc1nc(-c2nc(C)c(C)[nH]2)[nH]c1C,[]
FAHBIC,CNC,[7]
FAHFUS,c1ccc2[nH]cnc2c1,[1]
FAHYIX,NCCCCN,[2]
FAHYOD,NCCCCN,[2]
FALGUW,NCCN,[2]
FALPOY,CN1CCN(C)CC1,[1]
FALYUN,CC(N)CN,[1]
FALZAU,CCCC(N)CN,[1]
FALZEY,NCCN(CCN)CCN,[1]
FALZIC,NCCN(CCN)CCN,[1]
FALZOI,NCCN(CCN)CCN,[1]
FANMUE,NCCCN,[5]
FANQOC,NC1CCCC1,"[14, 12]"
FAPGEI,N=C(N)N,[4]
FAQCEG,N=C(N)N,[]
FAQCIK,N=C(N)N,[]
FAQGIO,NCCN,[1]
FAQLEQ,CCN(CC)CC,[1]
FARVIE,CN1CCN(C)CC1,[1]
FARXII,CCCNCCC,[22]
FASHEN,C1CN2CCN1CC2,[6]
FASHIR,CCN(CC)CC,[6]
FASHOX,C1CNCCN1,[1]
FASMIW,NCCN,[1]
FATZAC,NCCCN,[1]
FAVWUW,c1c[nH]cn1,[1]
FAVYEH,C1CNCCN1,[11]
FAWLOF,NC1CCCCC1,[]
FAXMIB,c1ccc2[nH]c(-c3ccncc3)nc2c1,[]
FAXSOP,C1CNCCN1,"[2, 4]"
FAXSUV,CN(C)CCCNCCCN(C)C,"[2, 4]"
FAXTAC,NCCCNCCCN,"[2, 4]"
FEGHAD,CC(N)CN,[]
FEJDEE,NCCCCN,[0]
FEJDII,c1c[nH]cn1,[0]
FELFEK,C1CNCCN1,"[26, 4]"
FELJEO,C1CNCCN1,"[26, 4]"
FELJUD,NCCNCCN,[6]
FELKAK,NCCN,[6]
FEPBEI,NC1CCC(N)CC1,[12]
FEPBIM,NCCCN1CCN(CCCN)CC1,[12]
FEPQEW,NCCCN,[1]
FEQBIM,NCCCN,[]
FEQBOS,N=C(N)N,[]
FEQBUY,C1CNCCN1,[]
FEQCAF,CC1CNCCN1,[]
FERWOR,NCCCN1CCN(CCCN)CC1,"[2, 4]"
FESCIS,CN(C)CCN,"[2, 4]"
FESTUT,CN1CCNCC1,[0]
FESVAB,NCCN,[0]
FESXIL,NCCCCCCN,[1]
FEVBAM,CNC,[9]
FEVYIP,NCCNCCN,[1]
FEVYOV,C1CNCCN1,[1]
FEVYUB,C1CNCCN1,[1]
FEWQOQ,C1CNCCN1,[5]
FEWROP,c1cc(-c2ccncc2)ccn1,[]
FEXGAT,NCCN,[1]
FEXGEX,NCCN,[1]
FEXGIB,NCCN,[1]
FEXHUM,NCCNCCN,[1]
FEZXIS,Nc1cccc(N)n1,[8]
FEZXOY,Nc1ccccn1,[8]
FIBNAF,c1ccc(-c2ccccn2)nc1,[10]
FICTAN,NCCCCN,[1]
FICXUL,NCCNCCN,[2]
FICYAS,NCCCCCCN,[2]
FIGFOR,NCCN(CCN)CCN,"[12, 1]"
FIGQIV,CN,[]
FIGVOH,CNCCNC,[1]
FIGVUN,CNCCNC,[1]
FIHGAH,CC1CNCC(C)N1,"[0, 4]"
FIHGEL,CC1CNCC(C)N1,"[0, 4]"
FIJGEK,CC(C)N,[1]
FIJRIA,c1cc(-c2ccncc2)ccn1,"[4, 1]"
FIJYED,NCCCCN,[1]
FIJYIH,NCCCN,[1]
FIJYON,C1N2CN3CN1CN(C2)C3,[1]
FIJYUT,NCCN,[5]
FIKFAH,NCCCCN,[1]
FIKFEL,NCCN,[5]
FILQIA,C1CNCCN1,[1]
FINSAX,CC(N)CN,[]
FIPMUO,CNC,[2]
FIPNAV,CNC,[2]
FIQGES,CN1CCNCC1,[4]
FIQJUM,CCCCCCCCCCCCN,[]
FIRRIJ,c1c[nH]cn1,[17]
FIRYIQ,Cc1cccnc1,[1]
FISHIY,c1cc(-c2ccncc2)ccn1,[10]
FITWIP,CN,[27]
FIVCIW,c1ccc2ncccc2c1,[10]
FIVJID,CCN(CC)CC,[1]
FIVQIL,C1CN2CCN1CC2,[1]
FIVQOR,NCCCN,"[4, 1]"
FIVVUE,c1c[nH]cn1,[11]
FIWWAJ,CCCC(C)N,[5]
FIYGUQ,NCCN,[0]
FIZLEF,NCCN,[4]
FOBTUO,NCCN1CCNCC1,[1]
FOBYED,CNC,[1]
FOCVUO,NCCN,[]
FODYUT,C1CNCCNC1,[1]
FODZOO,CNCCCN,[1]
FODZUU,CNCCCN,[1]
FOFHAK,CN1CCNCC1,"[4, 1]"
FOFHEO,CN(CCCN)CCCN,"[4, 1]"
FOFHIS,NCCCN1CCN(CCCN)CC1,"[4, 1]"
FOFHOY,NCCCN,"[4, 1]"
FOFHUE,NCCNCCN,"[4, 1]"
FOFPEX,Cc1nc2ccccc2[nH]1,[4]
FOFPOH,c1cn(Cc2ccc(Cn3ccnc3)cc2)cn1,[4]
FOFQAU,c1cn(CCCCn2ccnc2)cn1,[4]
FOFQOI,Nc1nc(N)nc(N)n1,[4]
FOHXUX,NCCN,[1]
FOHYAE,NCCN,[]
FOJJEW,Nc1cc2nc3ccccc3nc2cc1N,[8]
FOJMOI,C(=Cc1ccncc1)c1ccncc1,[]
FOJNEZ,CN(C)CCN(C)C,[]
FOJNID,NCCN,[1]
FOKBOY,CC(N)CN,"[14, 12]"
FOKLOI,C1CC(C2CCNCC2)CCN1,[1]
FOPBOB01,CN,[1]
FOPGOG,CN,[5]
FOPQOT,CNC,[3]
FOPQUZ,CNC,[3]
FOPRAG,CNC,[3]
FOPREK,CNC,[3]
FOPRIO,CNC,[3]
FOPROU,CNC,[3]
FOPSAH,CNC,[3]
FOTCEZ,Cc1cccnc1,[0]
FOTHIF,c1ccncc1,[4]
FOXFUU,NCCNCCN,[2]
FOXVPY,c1ccncc1,[4]
FUBCOX,Nc1ncnc2[nH]cnc12,[]
FUDLOF,NCCN,[]
FUDSOP,c1ccncc1,[4]
FUGLEZ,NCCN,[2]
FUGMIE,Cc1ccccc1N,[1]
FUJCAO,c1c[nH]cn1,[]
FUMHUR,C1CN2CCN1CC2,[]
FUNSUC,NCCN,[1]
FUNTIR,NCCN,[1]
FUNTOX,NCCN,[1]
FUQBEY,NCCNCCNCCN,[1]
FURNIP,c1cnccn1,[]
FURZIC,CNC,"[5, 1]"
FUSFAA,CC(C)NC(C)C,[]
FUSFEE,CC(C)NC(C)C,[]
FUVXAW,c1cc(-c2ccncc2)ccn1,[1]
FUVYAX,NCCN,"[14, 12]"
FUXWAY,CN(C)C=CCN,"[2, 4]"
FUXWEC,CN1CCNCC1,"[2, 4]"
FUXWOM,NCCCCN,"[2, 4]"
FUYRIA,C1CNCCN1,[5]
FUZBOS,NCCN,[]
FUZSUQ,CNC,[]
GACKIG,NCCN,[6]
GACKOM,NCCN,[6]
GACKUS,NCCN,[6]
GACLAZ,CC(N)CN,[6]
GAFNIM,Nc1ccccc1,[1]
GAHKAE,CCN,[4]
GAHLEH,c1c[nH]cn1,[1]
GAMFAD,N=C(N)N,[15]
GAMFEH,N=C(N)N,[15]
GAMFIL,N=C(N)N,[15]
GAMFOR,N=C(N)N,[15]
GAMFUX,N=C(N)N,[15]
GAMGAE,N=C(N)N,[15]
GAMGIM,N=C(N)N,[15]
GAMGOS,N=C(N)N,[15]
GAMGUY,N=C(N)N,[15]
GAMHAF,N=C(N)N,[15]
GAMHEJ,N=C(N)N,[15]
GAMHIN,N=C(N)N,[15]
GANJOV,NCCCCCCCCCCCCN,[13]
GAQWUQ,N=C(N)N,[15]
GARKIT,NCCN,[1]
GARTUR,NCCCCCCCCCCCCN,[0]
GARVAZ,NCCCCCCCCCCCCN,[0]
GASROH,Cc1cccnc1,[]
GATPID,N=C(N)N,[]
GAVKOE,NCc1ccccc1,[2]
GAVNIB,c1cc(-c2ccncc2)ccn1,[4]
GAWHOC,CNC,[4]
GAZFAR,C1CN2CCN1CC2,[17]
GAZFOF,C1CNCCN1,[17]
GEBYER,CN(C)c1ccccc1,[]
GEDKIK,CCCCCCN,[1]
GEGCOM,C1CCCNCC1,[5]
GEJNEP,CN1CCN(C)CC1,[0]
GEKQEV,CN1C2CCC1CC(N)C2,[10]
GENHOY,CC1CNCCN1,[]
GENPIB,CNC,[2]
GENPOH,CNC,[2]
GENPUN,CNC,[2]
GEQBIO,NCCN,[1]
GEQVOO,NCCN,[2]
GEQVUU,NCCNCCNCCN,[2]
GEQWAB,NCCN,[2]
GEQWEF,CN(C)CCN(C)C,[2]
GEQWIJ,C1CNCCN1,[2]
GEQWOP,CN(C)CCN(C)C,[2]
GERJOF,C1CN2CCN1CC2,[9]
GERJUL,N=CN,[9]
GERKEW,c1c[nH]cn1,[9]
GERKIA,N=C(N)N,[9]
GERLAT,c1nnc[nH]1,[9]
GERNIB,NCCN,[1]
GERSON,c1ccc(Nc2ccccn2)nc1,[10]
GERSUT,c1ccc(Nc2ccccn2)nc1,[10]
GETZUC,N=C(N)N,[1]
GEYWUC,CCCCCN,[]
GEZYOB,NC1CCCCCC1,[0]
GEZYUH,NC1CCCCC1,[0]
GEZZAO,NC1CCCC1,"[0, 1]"
GEZZES,CC1CNCCN1,[0]
GIBWOG,C1CNCCN1,[]
GICHAE,C1CNCCNCCNCCN1,[2]
GICHEI,C1CNCCNCCNCCN1,[13]
GICHIM,CN1C2CCC1CC(N)C2,[2]
GICHOS,CN1C2CCC1CC(N)C2,[13]
GICXIB,C1CNC1,[7]
GIGPOB,c1ccc(-c2ccccn2)nc1,[10]
GIHCAC,CN(C)CCCN,[]
GIHWEC,CNC,[1]
GIJGAJ,C1CN2CCN1CC2,[4]
GIJGEN,C1CN2CCN1CC2,[4]
GIKLIX,N=C(N)N,"[4, 8]"
GIKPAT,C1CNCCN1,[4]
GIKPEX,C1CNCCN1,[4]
GIMNEW,NCCN,[1]
GIMNUN,N=C(N)N,[]
GIQMEZ,c1cnccn1,[]
GISHOI,CNC,[]
GITMAX,NC1CCCCC1N,[1]
GITMEB,NC1CCCCC1N,[1]
GIVDOE,NCCN(CCN)CCN,[1]
GIWVIS,c1cc(-c2ccncc2)ccn1,[2]
GIWVOY,c1cc(-c2ccncc2)ccn1,[2]
GOBYAY,c1cc(-c2ccncc2)ccn1,[1]
GOBYEC,c1cc(-c2ccncc2)ccn1,[1]
GODFIP,c1ccc(-c2ccccn2)nc1,[1]
GODFOV,c1ccncc1,[1]
GOFLOD,CCN,[1]
GOKJOF,Nc1ccncc1,[]
GOMPOO,c1c[nH]cn1,[1]
GOMRAC,c1c[nH]cn1,[1]
GOMREG,c1c[nH]cn1,[1]
GOMSUW,CNC,[]
GOMTAG,CNC,[3]
GOQBAR,c1ccncc1,[10]
GOQSAG,CNC,[]
GOQZUK,N=C(N)NN,[4]
GORDOJ,CNCCN,[]
GOSQEN,CN,[2]
GOSRIP,NCCNCCN,[1]
GOVKEJ,CCN(CC)CC,[7]
GOWYAU,CNC,[3]
GOXXOI,c1ncn(CCCCCn2cncn2)n1,[6]
GOYPAN,N=CN,[7]
GOYPER,N=CN,[7]
GOYSAQ,c1cc(-c2ccncc2)ccn1,"[6, 11]"
GOYSEU,c1c[nH]cn1,"[6, 11]"
GUACRO10,N=C(N)N,[]
GUANDC01,N=C(N)N,[]
GUANTC10,N=C(N)N,[]
GUANZS,N=C(N)N,[2]
GUAVPO,N=C(N)N,[1]
GUBHIW,NCCN,[1]
GUBHOC,c1cc(-c2ccncc2)ccn1,[1]
GUBJIX,CN(C)C,[1]
GUBJOD,CN(C)C,[1]
GUBPIE,CNC,[7]
GUBPOK,CN,[7]
GUBPUQ,CNC,[7]
GUBQAX,CNC,[7]
GUCBFT,N=C(N)N,[15]
GUCKOG,C1CNCCN1,[1]
GUCKUM,C1CNCCN1,[1]
GUCPEZ,NCCN(CCN)CCN,[1]
GUGXIR,CN(C)CCCN(C)C,[0]
GUGXOX,NCc1cccnc1,[1]
GUHMOM,CN,[1]
GUHNAZ,CCNCC,[1]
GUHNED,CCNCC,[1]
GUHNIH,CNC,[1]
GUHNON,CNC,"[5, 8]"
GUJLIH,NCCN,[5]
GULCAS,NCCNCCN,[0]
GULFUO,NC1CCCCC1,[1]
GUMOSI,N=C(N)N,[5]
GUNDMO,N=C(N)N,[]
GUOCCE10,N=C(N)N,[15]
GUPCCE,N=C(N)N,[15]
GUPCTH,N=C(N)N,[15]
GUQTOB,NCCCN,"[4, 1]"
GURZAV,CNC,[1]
GURZEZ,CNC,[1]
GUSQIV,NCCCCCCCN,[]
GUSQOB,NCCCN,[]
GUSQUH,NCCCCN,[]
GUSRAO,NCCCCCN,[]
GUSRES,NCCCCCCN,[]
GUSVAT,c1ccc2[nH]cnc2c1,[1]
GUURSL,N=C(N)N,[2]
GUVBEF,NCCN,[1]
GUVTUN,N=C(N)N,[]
GUWKAL,c1ccncc1,[]
GUWLEQ,c1cn(CCCCn2ccnc2)cn1,[]
GUXBUX,CCc1nc2ccccc2n1CCCCn1c(CC)nc2ccccc21,[]
GUXQOF,NCCCCN,[]
GUXQUL,NC1CCC(N)CC1,[]
GUXRAS,NCCCCCN,[]
GYCEAC,N=C(N)N,[8]
HABCAQ,CC(N)CN,[1]
HABCEU,CC(N)CN,[1]
HABDIZ,Cc1ncc[nH]1,[1]
HABKEC,NCCCN,[1]
HABKIG,NCCCN,[1]
HABKOM,NCCCN,[1]
HACCOF,NCCCNCCNCCCN,[]
HACREJ,CNC,[2]
HAFGIE,NCCCCCCCCN,[]
HAFGUQ,NCCCCN,[1]
HAFJAA,CCc1nc2ccccc2[nH]1,[]
HAFJEE,c1ccc2[nH]cnc2c1,[]
HAFJII,CCCc1nc2ccccc2[nH]1,[]
HAFJOO,Cc1nc2ccccc2[nH]1,[]
HAGSUE,C1CNCCN1,[0]
HAGVUH,c1cc2cc(c1)CNCCN1CCNCc3cccc(c3)CNCCN(CCNC2)CCNCc2cccc(c2)CNCC1,[]
HAGWAO,c1cc2nc(c1)CNCCN1CCNCc3cccc(n3)CNCCN(CCNC2)CCNCc2cccc(n2)CNCC1,[]
HAHNUA,CC1CNC(C)CN1,[1]
HAJZAV,Nc1ccncc1,[]
HAJZEZ,Nc1ccncc1,[1]
HAKYAT,N=C(N)N,[]
HASNIB,c1c[nH]cn1,[4]
HASNOH,c1c[nH]cn1,[4]
HASNUN,Cn1ccnc1,[4]
HATLOF,NCCCCCCN,[]
HATLUL,CNCCCCCCNC,[]
HATREZ,CC(C)N,[]
HATSAY,CN1CCNCC1,[1]
HATSEC,CN1CCNCC1,[1]
HAWHOE,C1CN2CCN1CC2,[]
HAXGOE,c1ccncc1,[]
HAYDUJ,CNC,[]
HEBPUB,NC1CCCCCC1,[0]
HEBTIU,NCCN,"[14, 12]"
HEFHEF,C1CNCCN1,[1]
HEFHIJ,C1CNCCN1,[1]
HEFXUL,CC(C)(C)N,[]
HEGBUQ,CC(C)(C)N,[]
HEHWAS,NCCN,[1]
HEKFOS,CC(C)(C)N,[]
HEMRIA,NCCN,[]
HEMVEB,NCCN,[1]
HEMVIF,NCCN,[1]
HENRIE,c1ccc(-c2nc(-c3ccccn3)c(-c3ccccn3)nc2-c2ccccn2)nc1,[10]
HENROK,c1ccc(-c2nc(-c3ccccn3)c(-c3ccccn3)nc2-c2ccccn2)nc1,[10]
HENRUQ,c1ccc(-c2nc(-c3ccccn3)c(-c3ccccn3)nc2-c2ccccn2)nc1,[10]
HENSAX,c1ccc(-c2nc(-c3ccccn3)c(-c3ccccn3)nc2-c2ccccn2)nc1,[10]
HEPQOJ,CC(C)(C)N,[1]
HETCUH,NCCN,"[14, 12]"
HEWPIJ,CN,[7]
HEWXEN,NCCN,[]
HEWXIR,NCCCN,[]
HEWXOX,C1CNCCN1,[]
HEWXUD,CN1CCN(C)CC1,[]
HEWYAK,C1CN2CCN1CC2,[]
HEYBIX,NCCN,[1]
HEYBOD,NCCN,[1]
HEYFUM,CCN,[1]
HEZNUW,NCCN1CCNCC1,[1]
HEZPIL01,NCCCN,[1]
HEZWIS,NCCN,[1]
HEZXOZ,C1CNCCN1,[6]
HIBQUE,C1CNCCN1,"[4, 1]"
HICFAB,NCCN,[3]
HICFEF,NCCN,[3]
HICFIJ,C1CNCCN1,"[3, 4]"
HICFOP,C1CN2CCN1CC2,"[3, 4]"
HICFUV,NCCN,[13]
HICGAC,NCCN,"[13, 4]"
HICKOU,CCN(CC)CC,[4]
HIDLEL,CC(C)N,[]
HIDLIP,CCN,[]
HIDXOI,Cc1cc(C)nc(N)n1,[8]
HIFNOA,NCCCN,[]
HIHFOT,c1cc(-c2ccncc2)ccn1,[]
HIHFUZ,Cc1ccnc2ccccc12,[]
HIHGAG,Cc1ccc2ncccc2c1,[]
HIHGEK,NCCN,[]
HIHNIX,c1cc(-c2ccncc2)ccn1,"[4, 1]"
HIJMEU,NCCN,[1]
HIKTIG,CN1CCN(C)CC1,"[3, 4]"
HIKTOM,CC1CNC(C)CN1,"[3, 4]"
HIKTUS,CNCCNC,"[3, 4]"
HIKVAA,CN(C)CCN(C)C,"[3, 4]"
HIKVEE,CCNCCN(C)C,"[3, 4]"
HIKVII,CN1CCNCC1,"[3, 4]"
HIKVOO,CC1CNCCN1,"[3, 4]"
HIKVUU,CC1CNCCN1,"[3, 4]"
HIKWAB,CC1CNCCN1,"[3, 4]"
HIPKIB,C1CNCCN1,[0]
HIPKOH,NCCN,[0]
HIPKUN,C1CNCCN1,[0]
HIQHUM,NCCN,[11]
HIQXOW,Nc1ccncc1,[]
HIQYAJ,c1c[nH]cn1,[4]
HITTIO,c1ccncc1,"[10, 8]"
HITXOY,NCCNCCN,[]
HIWLEG,CCN1CCNCC1,[0]
HIWLIK,CCN1CCNCC1,[0]
HIWLOQ,CC(CN)CCCN,[0]
HIWLUW,CC1(C)CC(N)CC(C)(C)N1,[0]
HIWMAD,NCCCCCCCCCCCCN,[0]
HIWPOS,C1CNCCN1,[]
HIXBAU,Cc1cc(C)[nH]n1,[4]
HIXNAF,C1CNCCN1,"[14, 12]"
HIXWES,NCCNCCN,"[14, 12]"
HIXWIW,NCCNCCN,"[14, 12]"
HIZHOO,NCCNCCN,[1]
HOBBUV,NCCN,"[14, 12]"
HOBMAP,C1CNCCN1,[4]
HOCDIO,N=C(N)N,"[0, 4]"
HOCDOU,N=C(N)N,"[0, 4]"
HOKVEK,c1cc(-c2ccncc2)ccn1,[5]
HOLCOC,CNC,[1]
HOMDET,Cc1c[nH]cn1,[1]
HOMSIM,CCCCN,[]
HOMSOS,CCCCN,[]
HONLOM,Cc1ccccn1,[7]
HOPHOJ,NCCN,[1]
HOPJOO,CC1CNCCN1,[1]
HOPYEQ,NCCNCCN,[1]
HOQYUI,C1CNCCN1,"[3, 4]"
HOQZAP,C1CN2CCN1CC2,[3]
HORBAU,CNC,[7]
HORVOB,CCNCC,[1]
HORZOD,NCCCN,[1]
HOTHON,NCCNCCNCCN,"[12, 1]"
HOTSIT,C1CNCCN1,[]
HOTVIW,c1ccc2ncccc2c1,[4]
HOVKUZ,CCN,[13]
HOVLAG,NCc1ccccc1,[13]
HOVLEK,NCCN,[13]
HOVLIO,NCCNCCNCCN,[13]
HOVLOU,NCCN(CCN)CCN,[13]
HOWJEK,NCCN,[1]
HOXXOK,NCCN,[7]
HOZGUA,Cc1cc(-n2ccnc2)c(C)cc1-n1ccnc1,[]
HOZHEL,Cc1cc(-n2ccnc2)c(C)cc1-n1ccnc1,[1]
HOZLUF,CNC,[3]
HOZMAM,CNC,[3]
HOZMEQ,CNC,[3]
HOZMIU,CNC,"[3, 8]"
HUFTAF,N=C(N)N,[4]
HUJXOC,NCCCCCCCCN,[2]
HUJZAQ,NCCCCN,[2]
HUJZEU,NC1CCC(N)CC1,[2]
HUKVOZ,NCCN(CCN)CCN,[1]
HUKVUF,NCCNCCNCCN,[1]
HUKYER,C1CCC(NC2CCCCC2)CC1,[]
HULFUS,CNC,"[5, 8]"
HULVAL,CC1CC(C)(C)NCCNC(C)CC(C)(C)NCCN1,[1]
HULWUG,NCCCN,[1]
HUNBEX,C1CN2CCN1CC2,[4]
HUNBIB,C1CNCCN1,"[6, 4]"
HUNYAS,c1cn(CCCCn2ccnc2)cn1,[1]
HUNYIA,c1cn(CCCCn2ccnc2)cn1,[1]
HUNYOG,c1cn(CCCCn2ccnc2)cn1,[1]
HUNYUM,c1cn(CCCCn2ccnc2)cn1,[1]
HUPROA,Nc1ccccc1N,[1]
HUVLUF,NCCN,[4]
HUVPIX,NCCN,[2]
HUWDIN,CC1CNCCN1,[1]
HUWDOT,CC1CNCCN1,[1]
HUWDUZ,CC1CNCCN1,[1]
HUXSOJ,NCCNCCN,[2]
HUYPOH,CC(N)CN,[]
HUZKET,C1CNCCN1,"[0, 4]"
HUZKIX,C1CNCCN1,"[0, 4]"
HUZKOD,C1CNCCN1,"[0, 4]"
HUZKUJ,NCCCCN,"[0, 4]"
HUZLAQ,C1CNCCN1,"[2, 4]"
HUZLEU,C1CNCCN1,"[4, 1]"
HUZLIY,C1CNCCN1,[0]
IBAXUF,c1ccncc1,[]
IBEHOO,NCCN,[6]
IBEMOR,CCNCC,[1]
IBEXAP,C1CNCCN1,[11]
IBIJIP,CN1CCNCC1,"[4, 1]"
IBIJOV,CN(C)CCN(C)CCN(C)C,"[4, 1]"
IBIVOG,C1CNCCN1,[]
IBIVUM,c1cc(-c2ccncc2)ccn1,[1]
IBOSAT,NCCN(CCN)CCN,[1]
IBOSIB,NCCN(CCN)CCN,[1]
IBOTAU,NCCN(CCN)CCN,[1]
IBUBOZ,C1CNCCN1,[2]
IBURAZ,CN1CCN(C)CC1,[1]
IBUVOS,c1cn(Cc2ccc(-c3ccc(Cn4ccnc4)cc3)cc2)cn1,[]
ICAGAU,NCCCN,[1]
ICAHAW,NCCNCCN,[6]
ICAVUD,C1CNCCN1,[1]
ICEZOG,NCCCCCCN,[1]
ICIVEW,CCCCN,[0]
ICIXID,NCCNCCNCCN,[0]
ICIXOJ,C1CN2CCN1CC2,[0]
ICIXUP,NCCN1CCNCC1,[0]
ICOTUR,C1CNCCN1,[]
IDEMIP,C1CNCCN1,[]
IDIBEC,C1CNCCN1,[6]
IDIBIG,C1CNCCN1,[6]
IDIHOV,N=C(N)N,[15]
IDIVAT,c1cnc2ccc3ncccc3c2c1,[]
IDOBOT,C1CNCCNC1,[10]
IDODAH,NCCCN,[1]
IDUGOF,c1c[nH]cn1,[10]
IDUGUL,C1CNCCN1,[1]
IFAHEC,NCCCCCCN,[1]
IFAMAE,N=C1C=CC(=C(c2ccc(N)cc2)c2ccc(N)cc2)C=C1,[2]
IFAMIM,N=C1C=CC(=C(c2ccc(N)cc2)c2ccc(N)cc2)C=C1,[]
IFAMOS,N=C1C=CC(=C(c2ccc(N)cc2)c2ccc(N)cc2)C=C1,[]
IFEROB,NCCCN,[]
IFERUH,NCCCCCN,[]
IFESAO,NCCCCCCCN,[]
IFESES,NCCCCCCCCN,[]
IFESIW,NCCCCCCCCCCN,[]
IFESOC,NCCCCCCCCCCCN,[]
IFIMOA,c1cc(-c2ccncc2)ccn1,[1]
IFUDES,NCCN,[4]
IGEQAM,NCCCCCCNCCCCCCN,[1]
IGOMUM,CC1CNCCN1,[1]
IGONAT,CC1CNCCN1,[1]
IGONEX,CC1CNCCN1,[1]
IGONUP,NCCCCN,[7]
IGOPAX,NCCCNCCCN,[7]
IGOPEB,NCCCNCCCNCCCN,[7]
IGUCET,CN,[1]
IGUCIX,CN,[1]
IGUJOJ,CCN(CC)CC,[4]
IGUROU,NCCCCCN,[1]
IGUTEK,NC1CCCCC1,[1]
IHAJEH,NCC1CCCC(CN)C1,"[0, 1]"
IHAJIL,NCC1CCCC(CN)C1,[0]
IHOTIJ,C1CC(C2CCNCC2)CCN1,[]
IHUROS,NCCNCCN,"[4, 1]"
IJIGOX,CN1CCNCC1,[1]
IJISID,NCCN,[]
IJIWUT,NCCCNCCN,[1]
IKELOA,NCCCCN,[]
IKEZAZ,NCCN,[1]
IKOMIG,NCCCN1CCN(CCCN)CC1,[]
IKUBIZ,C1CN2CCN1CC2,[0]
IKUBOF,CC(N)CN,[0]
IKUBUL,NCCCCCCN,[0]
IKUCUM,NCCN,[2]
IKUDAT,NCCCCN,[2]
IKUDEX,NCCCCCN,[2]
IKUDIB,NCCCCCCN,[2]
ILAQIX,NC1CCC(N)CC1,[2]
ILAQOD,NC1CCC(N)CC1,[2]
ILAQUJ,NC1CCC(N)CC1,[2]
ILARAQ,c1cc(-c2ccncc2)ccn1,[2]
ILECIN,c1c[nH]cn1,[7]
ILENOC,NCCNCCN,[1]
ILILEU,NCCNCCN,[2]
ILOTEJ,CNC,[7]
ILOTIN,CNC,[7]
IMIQAX,C1CN2CCN1CC2,[1]
INAHEL,NCCN,[30]
INICUE,NCCN,[1]
INIDAL,NCCNCCN,[1]
INUTER,C(=Cc1ccncc1)c1ccncc1,[]
INUTIV,C(=Cc1ccncc1)c1ccncc1,[6]
IPAFUA,CC(N)CN,[1]
IPAMOX01,CC(C)N,[]
IPAMOY,CC(C)N,[]
IPARUN,NCCCN,"[12, 1]"
IPASAU,C1CNCCN1,"[12, 1]"
IPASEY,NCCCN,"[12, 1]"
IPEGIU,CN1CCNCC1,[2]
IPEGOA,CN1CCNCC1,[2]
IPICIU,CCC(C)N,[0]
IPIMEA,C1CN2CCN1CC2,[2]
IPOVAK,c1ccc(N2CCNCC2)nc1,[1]
IPOVEO,c1ccc(N2CCNCC2)nc1,[1]
IPOXUH,CNC,[1]
IPUKOT,C1CNCCNC1,[2]
IPUKUZ,C1CNCCNC1,[2]
IPULAG,CN(C)CCN,[2]
IPULEK,CN(C)CCN,[2]
IQECUC,NCCCNCCNCCCN,[1]
IQIDES,CNC,[0]
IQUKAH,CNC,[2]
IRAHUF,NCCCNCCNCCCN,[1]
IRAJAN,NCCCNCCN,[1]
IRAJER,NCCCC(CN)CN,"[4, 1]"
IRAJIV,c1c[nH]cn1,[0]
IRAYOQ,NCCN,[1]
IRAYUW,NCCN,[1]
IRIPEE,C1CN2CCN1CC2,[0]
IRIPII,C1CNCCN1,[0]
IRIPOO,NCCN,[1]
IRIPUU,Nc1ccncc1,[1]
IRIQUW,CCN(CC)CC,[8]
ISAHIU,c1cc(-c2ccncc2)ccn1,[]
ISIYOZ,CNCCNC,[7]
ISIYUF,CN(C)CCN(C)C,[7]
ISUFOR,CC1CNC(C)CN1,[1]
ITANOG,C1CNCCN1,[4]
ITEPAA,CNC,[]
ITEPEE,CNC,[]
ITESIJ,CNCCN,[1]
ITETEG,C1CNCCN1,[1]
ITEWOU,NCCN,[5]
ITEWUA,NCCN,[5]
IVASAB02,C1CN2CCN1CC2,[4]
IVASEF02,C1CN2CCN1CC2,[4]
IVOCON,CN(C)CCN(C)CCN(C)C,[0]
IVOTUI,NCCN,[1]
IWAGAO,Cc1cnc[nH]1,[1]
IWAXUZ,N=C(N)N,[15]
IWAYAG,N=C(N)N,[15]
IWAYEK,N=C(N)N,[15]
IWAYIO,N=C(N)N,[15]
IWAYOU,N=C(N)N,[15]
IWAYUA,N=C(N)N,[15]
IWAZEL,N=C(N)N,[15]
IWAZIP,N=C(N)N,[15]
IWEPOP,CCC(N)CCN,[1]
IWEQUW,C1CNCCN1,[1]
IWEXEO,Nc1cccnc1,[]
IWOKEK,C1CNCCN1,[4]
IWOMEO,NCCCCCCN,[]
IWOTIZ,c1c[nH]cn1,"[3, 8]"
IWOTOF,Nc1ncnc2[nH]cnc12,[6]
IWUSUO,NCCCCN,[2]
IWUZAB,NCCN,[]
IXAMAW,NCCN,[1]
IXAMEA,NCCN,[1]
IXAMIE,NCCN,[1]
IXINOS,NCCCN1CCN(CCCN)CC1,"[4, 1]"
IYAVUA,Cc1ccccn1,[]
IYEKAA,c1cc(-c2nnc(-c3nnc[nH]3)[nH]2)ccn1,[]
IYEXUF,c1cc(-c2ccncc2)ccn1,[1]
IYEYAM,c1cc(-c2ccncc2)ccn1,[1]
IYODEH,CN(C)c1ccncc1,[11]
IYODIL,CN(C)c1ccncc1,[11]
IZAFEV,CNC,[2]
IZAJUP,NCCCCCCCCCN,[13]
IZEDUN,NCCN,[1]
IZIQIR,NCCN1CCNCC1,[1]
IZUPEA,CN,[7]
JABMEF,CCN,[1]
JAJYOJ,NCCN,[]
JAJYUP,NCCN,[]
JAJZAW,CCN(CC)CC,[]
JALXIG,N#Cc1cccc(N)c1,[]
JALXOM,N#Cc1cccc(N)c1,[1]
JAMFEI,Cc1cc(C)[nH]n1,[]
JAMLIT,C1CNCCN1,"[4, 1]"
JANNAQ,CNC,[7]
JANQAT,CNC,[7]
JAPNUK,c1cc(-c2ccncc2)ccn1,[26]
JAPXED,CNC,[6]
JAQZOR,NCCN,"[14, 12]"
JATBIS,c1cc(CCCc2ccncc2)ccn1,[1]
JATBOY,c1cc(CCCc2ccncc2)ccn1,[1]
JATBUE,c1cc(CCCc2ccncc2)ccn1,[1]
JAVNEA,Cc1ccncc1,[]
JEBBIE,NCCN,[7]
JEBBOK,NCCN,[7]
JEBGIJ,NCCN,[7]
JEBGOP,NCCN,[7]
JEBGUV,NCCN,[7]
JECDON,NCCN,[]
JECDUT,NCCN,[]
JECFAB,NCCCN,[]
JECFEF,NCCCN,[]
JECFIJ,NCCCN,[]
JEDKIP,CC(=N)N,[7]
JEDXEW,CCN,[1]
JEGCUW,CNC,"[14, 12]"
JELPAS,CC(N)CN,"[6, 4]"
JEQBUD,CCCCN,[11]
JEQCAK,CCCCN,[]
JESDIV,C1CNCCN1,[0]
JETDES,NCCCCCCN,[2]
JETDIW,NCCN,[2]
JETSEH,NCCCNCCCN,[6]
JETSOR,Nc1ccccn1,[1]
JEWCOE,CN(C)CCN,[]
JEXVUG,CCNCC,[1]
JEYWUG,C1CNCCN1,[2]
JEYXOB,C1CNCCNC1,"[0, 4]"
JEZBAS,C1CNCCN1,[4]
JIHDEM,CNC,[1]
JIHDOW,Nc1ccccc1,[1]
JIJYEJ,Cn1ccnc1,[1]
JIKLAT,CNC,[]
JIKLEX,CNC,[]
JIKLIB,CNC,[]
JIKLOH,CNC,[]
JIKLUN,CNC,[]
JIKMAU,CNC,[]
JIKMEY,CNC,[]
JIKMIC,CNC,[]
JISCOE,NCCN(CCN)CCN,[1]
JISTIR,CNC,[2]
JIVQOU,C1CNCCN1,[1]
JIVQUA,NCCN,[1]
JIVSIQ,NCCN,[1]
JIWJOP,NCCN(CCN)CCN,[6]
JIWJUV,C1CNCCN1,[6]
JIWKAC,C1CNCCNC1,[6]
JIWKEG,C1CNCCN1,[6]
JIWKIK,C1CNCCN1,[6]
JIWKOQ,NCCN(CCN)CCN,[6]
JIXYEX,CCN(CC)CC,[1]
JIYBAX,CNC,[]
JIYNIO,C1CN2CCN1CC2,[1]
JIYPIQ,CCNCCNCC,[1]
JIYRAN,CNC,[]
JIYXOF,NCCN,[]
JIYYAS,NCCN,[4]
JIZSOA,c1ccc(-c2cccc(-c3ccccn3)n2)nc1,[10]
JOCMAQ,NC12CC3CC(CC(C3)C1)C2,[5]
JOCPEZ,CC(N)CN,[1]
JOCSID,NCCN,[1]
JOCTOL,c1c[nH]cn1,[]
JOFMID,Nc1cc(N)nc(N)n1,[]
JOFMOJ,Nc1cc(N)nc(N)n1,[]
JOGXAG,Cc1cccc(C)n1,[]
JOKRIN,C1=Cc2nc1c(-c1ccncc1)c1ccc([nH]1)c(-c1ccncc1)c1nc(c(-c3ccncc3)c3ccc([nH]3)c2-c2ccncc2)C=C1,[10]
JOKWOV,C1CN2CCN1CC2,[1]
JOQFAW,NCCN,[1]
JOSPAI,NCCN,[6]
JOSPEM,NCCN,[6]
JOTFUW,CNC,[5]
JOTHOP,CCC(N)CCN,[1]
JOVWOI,C1CNCCN1,[1]
JOWVEZ,N=C(N)N,[2]
JUBDOB,Cc1nc2ccccc2[nH]1,[1]
JUCCIT,CN(C)C,[1]
JUCKOJ,CNC,[7]
JUFZAL,NCCN,[1]
JULVET,c1cc(-c2nc(-c3ccncc3)c(-c3ccncc3)[nH]2)ccn1,[]
JUPXOJ,c1cn(Cc2ccc(Cn3ccnc3)cc2)cn1,[6]
JUQCIJ,c1c[nH]cn1,[]
JUQCOP,c1cn[nH]c1,[]
JURWEB,CCCn1ccnc1,[]
JUVTID,NCCN,[4]
JUVTOJ,NCCNCCN,[4]
JUVZUX,Cc1cccnc1,[1]
JUWBAG,Nc1ccccn1,[1]
KABXOD,c1c[nH]cn1,[]
KAGVUL,CCCCN,[2]
KAGWAS,CCCCN,[2]
KAGWEW,CCCCN,[2]
KAHYEY,CNC,"[4, 1]"
KALGIP,NCCCCN,[4]
KALGOV,NCCCCN,[4]
KALGUB,NCCCCN,[4]
KALVEB,Nc1ccccc1N,[4]
KALVIF,Nc1ccncc1,[4]
KALVOL,C1CNCCN1,[4]
KAMRUM,Cc1nc2ccccc2[nH]1,[]
KAPKOE,NCCCCN,[2]
KAPSUR,CNC,"[10, 1]"
KAPWOP,CC(N)CN,"[14, 12]"
KARDAJ,c1ccc(-c2ccc(-c3ccncc3)nc2)cc1,[5]
KARTAA,CNC,[2]
KARTEE,NCCN,[2]
KARTII,CNC,[2]
KARTOO,CNC,[2]
KASROM,C1CNCCN1,[2]
KATHET,NCCCCCCN,[1]
KAVRIJ,c1cc(-c2ccncc2)ccn1,[5]
KAVROP,C1CNCCN1,[3]
KAWFAS,c1ncn(CCCCCCn2cncn2)n1,[1]
KAWFEW,c1ncn(CCCCCCn2cncn2)n1,[1]
KAXVUB,c1ccc(-c2ccncc2)nc1,[5]
KAYJIE,NCCCCCN,[]
KAZFOH,CC1CNCCN1,[2]
KAZXEO,c1c[nH]cn1,[]
KEDJAG,CCN(CC)CC,[4]
KEFFEI,N=CN,[7]
KEFYAX,c1cc(-c2ccncc2)ccn1,[4]
KEFYEB,C(=Cc1ccncc1)c1ccncc1,[4]
KEJBIL,NCCN,[1]
KEJQAR,NCCN(CCN)CCN,[1]
KEJSAU,c1c[nH]cn1,[20]
KELWAA,NCCNCCN,[1]
KENKUL,Nc1ccccc1N,[1]
KEPVOT,Nc1nc(N)nc(N)n1,[1]
KEQGAR,NCCNCCN,[]
KEQHUK,NCCN,[2]
KERZIT,c1ccncc1,[1]
KESWAH,CC(CN)CCCN,[]
KESWEL,CC(N)CCCCN,[]
KETFEW,c1cc(-c2ccncc2)ccn1,[1]
KETFIA,c1cc(-c2ccncc2)ccn1,[5]
KEWWAL,c1cc(CCCc2ccncc2)ccn1,[]
KEXNOT,CN(C)c1ccncc1,[]
KEXSEL,CC(C)(C)c1ccnc(-c2cc(C(C)(C)C)ccn2)c1,[]
KEYJII,NCCCN1CCN(CCCN)CC1,[4]
KEYJOO,NCCN(CCN)CCN,[4]
KEYNIM,c1ccncc1,[]
KICNIU,c1cc(CCCc2ccncc2)ccn1,[]
KIFFEM,NCCCN,[1]
KIHMAS,Cc1cc(C)nc(N)c1,[4]
KIHMEW,Nc1cccnc1,[4]
KIJMAU,CCCCCCCCCCCCn1ccnc1,[]
KIJMEY,CN1CCCC1c1cccnc1,[1]
KIJNOJ,CN1CCN(C)CC1,"[4, 1]"
KIJPAX,CN1CCN(C)CC1,"[4, 1]"
KIJPEB,CN(C)CCCN,"[4, 1]"
KIJZAF,Nc1ncccn1,[]
KILDAL,CCCCNC,[13]
KILDEP,CCCCNC,[13]
KILYUZ,CN,[1]
KIMLOK,C1CN2CCN1CC2,[]
KIQDIA,CC(C)N,[10]
KIQGUM,Cc1ccncc1,[1]
KIQHIB,N=C(N)N,[1]
KIQMUU,N=C(N)N,"[4, 15]"
KIRTOW,CNC,[0]
KIRTUC,CCN,[0]
KIRWIT,CN,[0]
KISBEU,NCCN,[1]
KISBIY,NCCN,[1]
KITDID,C1CNCCN1,[]
KITDOJ,C1CNCCN1,[]
KIXBEY,CCCCCCN,[]
KIZSOD,c1c[nH]cn1,[]
KODNAS,NCCN,[1]
KODNID,c1ccncc1,[]
KOGPAX,CCNCC,[]
KOJLEC,NCCN,[10]
KOKDAR,CNC,[]
KOKLUS,NCCCCCCN,[1]
KOQXIZ,NCCN,[4]
KOTGEI,NCCNCCN,"[14, 12]"
KOTQAN,CCCNCCN,"[14, 12]"
KOYJAJ,NCCCCCCN,[]
KUBLAV,NCCN,[2]
KUBNUR,NCCNCCNCCN,[2]
KUBRIJ,CNC,[1]
KUBROP,CNC,[1]
KUDYUE,NCCNCCN,[1]
KUGGUO,NCCNCCN,[]
KUGWEQ,CNC,[7]
KUHVEP,CC1CNCCN1,[2]
KUJSOZ,CN(C)Cc1ccccc1,[1]
KULQAK,NCCN,[4]
KULTUJ,CC(CN)CCCN,[]
KUQMAM,NCCN,"[14, 12]"
KUQMEQ,NCCCN,"[14, 12]"
KURZIH,c1cn(Cc2ccc(-c3ccc(Cn4ccnc4)cc3)cc2)cn1,[]
KUTBAE,NCCCNCCN,"[1, 1]"
KUTBOS,CN,[1]
KUYVAC,c1c[nH]cn1,[11]
LABFUQ,c1cc(-c2ccncc2)ccn1,[2]
LABGAX,CN(C)CCN(C)C,[2]
LABGEB,c1c[nH]cn1,[2]
LABGIF,CC(N)CN,[2]
LABGOL,NCCN(CCN)CCN,[2]
LADKIN,C1CNCCN1,"[0, 4]"
LAFKOV,C1CNCCN1,[2]
LAFKUB,C1CNCCN1,[2]
LAFLAI,C1CNCCN1,[2]
LAFLEM,C1CNCCN1,[2]
LAFLIQ,C1CNCCN1,[2]
LAGLEN,Cc1ncc[nH]1,[4]
LAHQEQ,NCCCN,[1]
LAHQIU,NCCCN,[1]
LAHTUK,c1cc(-c2ccncc2)ccn1,[3]
LAHVAS,c1cc(-c2ccncc2)ccn1,[3]
LAHVEW,C1CNCCN1,[3]
LAJXOK,N=C(N)N,[10]
LAKZUT,C1N2CN3CN1CN(C2)C3,[]
LALBAC,C1N2CN3CN1CN(C2)C3,[]
LAMMUI,NCCN,[1]
LANNIY,CN(C)CCCN(C)C,[2]
LANNOE,CC(N)CN,[2]
LAQNIB,NCCN,[]
LAQNOH,C1CNCCN1,[]
LAQPEZ,CNCCN,[1]
LAQPID,CNCCCN,[1]
LATWEK,c1cc(CCCc2ccncc2)ccn1,[1]
LATWOU,c1c[nH]cn1,[1]
LATWUA,c1c[nH]cn1,[1]
LAYCEU,NCCNCCNCCN,[1]
LEBLUC,CCN,[7]
LEBMAJ,CCN,[7]
LEBSOB,CNC,[1]
LEBZEX,NCCN,[]
LEBZIE,CCN,[7]
LEDBUT,c1cc(-c2ccncc2)ccn1,[1]
LEHFUB,NCCCN,[]
LEJKIW,NCCCCCCN,"[0, 1]"
LEKGIS,c1cc2ccc1CNCCN1CCNCc3ccc(cc3)CNCCN(CCNC2)CCNCc2ccc(cc2)CNCC1,[]
LEMHAM,NCCN,[1]
LEPGAO,NCCN,[1]
LEPKEW,NCCCN,[1]
LEPREF,CN,[13]
LEPRIJ,CN,[13]
LEPROP,CN,[13]
LEPRUV,CN,[13]
LEPSAC,CN,[13]
LEPSEG,CN,[13]
LEPSIK,CN,[13]
LEPSOQ,CN,[13]
LEQVIN,NCCCNCCN,[0]
LESTEI,CC(C)(C)N,[]
LETFOG,c1c[nH]cn1,[5]
LETFUM,c1c[nH]cn1,[5]
LETGAT,c1c[nH]cn1,[5]
LETPOR,CCCCCCN,[0]
LETPUX,CCCCCCCCN,[0]
LETQAE,CCCCCCCCCCCCN,[0]
LETQEI,CCCCCCCCCCCCCCN,[0]
LETRAF,CCCCCCCCCCCCCCCCN,[0]
LETREJ,CCCCCCCCCCCCCCCCCCN,[0]
LEVBAQ,c1cc(-c2ccncc2)ccn1,[1]
LEWGOK,NCCN,[2]
LEWNIM,c1cnc2c(c1)ccc1cccnc12,[10]
LEWVIT,c1cc(CCCc2ccncc2)ccn1,[0]
LEYPAI,c1ccncc1,[4]
LEYYET,CN,[1]
LEZMIN,NCCCCCN,[0]
LEZVIX,Nc1ccccn1,[3]
LICFIN,c1cc(-c2ccncc2)ccn1,[4]
LIDDUY,NCCNCCN,[]
LIFHOX,CCN(CC)CCN(CC)CC,[20]
LIFJAM,c1cc(-c2ccncc2)ccn1,[1]
LIFKER,NCCN,[2]
LIFKIV,NCCN,[2]
LIFKOB,C1CNCCN1,[2]
LIFKUH,NCCN,[2]
LIFLAO,NCCN,[2]
LIFLES,NCCN,[2]
LIHKAQ,C1CNCCN1,"[0, 4]"
LIKQON,c1ccc2ncccc2c1,[]
LILRIK,CCN(CC)CC,[]
LIMJUM,NCCN,[1]
LIPREI,CC(N)CN,[4]
LIPRIL,Cc1ncc[nH]1,[]
LIPROR,Cc1ncc[nH]1,[]
LIPRUX,Cc1cnc[nH]1,[]
LIQDIB,Nc1cc2nc3ccccc3nc2cc1N,[]
LIQDOH,Nc1cc2nc3ccccc3nc2cc1N,[]
LIQDUN,Nc1cc2nc3ccccc3nc2cc1N,[]
LIQREL,Nc1ccccn1,[]
LIQROT,NCCCN,[]
LIQROV,c1cc(CCCc2ccncc2)ccn1,[1]
LIQRUB,c1cc(CCCc2ccncc2)ccn1,[1]
LIQSAI,C(=Cc1ccncc1)c1ccncc1,[1]
LIQTAH,Nc1ccccn1,[]
LIRNUX,c1cn(Cc2cc(Cn3ccnc3)cc(Cn3ccnc3)c2)cn1,[]
LIRPAF,c1cn(Cc2cc(Cn3ccnc3)cc(Cn3ccnc3)c2)cn1,[]
LITGIF,NCCN,[1]
LIVFII,NCCCNCCCN,[]
LIVKUW,NCCN,[1]
LIWFIG,NCCCCN,[1]
LIWJAC,CNC,[1]
LIXWEV,C1CNCCN1,[0]
LIYFIK,c1ccc(N=C(Nc2ccccc2)Nc2ccccc2)cc1,[]
LIYSUI,Nc1ccccn1,[1]
LIZZEB,c1c[nH]c(-c2ncc[nH]2)n1,[1]
LOBBUA,CNC,[5]
LOBCOU,C1CNCCN1,[1]
LOBVAZ,NCCN,[6]
LOBVED,NCCN,[6]
LOBVIH,NCCN,[6]
LOBVON,NCCN,[6]
LODYOU,CCNCC,"[14, 12]"
LOFCAM,CNC,[2]
LOGBAK,C1CNCCNCCCNCCNC1,[1]
LOGBEO,C1CNCCNCCCNCCNC1,[1]
LOHDES,NCCN,[2]
LOHDIW,CN1CCNCC1,[2]
LOHDOC,NCCNCCN,[2]
LOHDUI,NCCNCCNCCN,[2]
LOJCOC,NCCCN,[1]
LOJPOR,c1cc(-c2cc[nH]n2)ccn1,[1]
LOKMED,CN(C)CCN(C)C,[1]
LOKMUV,CNC,[]
LOLVEQ,CNCCCNC,[7]
LOMGIG,CNCCCNC,[7]
LOMHON,CNCCCNC,[7]
LOMLOQ,CC1CNCCN1,[0]
LOMLUV,CC(N)CN,[0]
LOMLUW,CN1CCN(C)CC1,[0]
LONSEM,NCCN,[]
LONVUG,Cc1ncc[nH]1,[1]
LOTMOY,CCCN(CCC)CCC,[4]
LOVBIK,CNC,[]
LOWXOK,NCCCN1CCN(CCCN)CC1,[1]
LOXXEB,C1CN2CCN1CC2,[6]
LUFDIC,CNC,[2]
LUFVUF,c1cncnc1,[]
LUFWAM,CN(C)CCN(C)C,[]
LUGRUA,c1ccncc1,[]
LUGSAH,c1ccncc1,"[6, 33]"
LUHBOF,NCCCCN,[]
LUHGIE,NCCNCCNCCN,[1]
LUHZET,NCCCNCCN,[6]
LUKSIU,NCCN,[1]
LULLAF,C1CNCCN1,[2]
LUMLUA,NCCCCN,[]
LUNBUR,NCCCN1CCN(CCCN)CC1,"[4, 1]"
LUNNUF,Nc1ccncc1,[]
LUNPUI,NCCN,"[14, 12]"
LUNQAP,NCCN,"[14, 12]"
LUPHEJ,C1CNCCN1,[1]
LUPHIN,C1CNCCN1,[1]
LUQCOQ,C1CN2CCN1CC2,"[0, 4]"
LUQCUW,CN(C)CCN(C)C,"[0, 4]"
LURMIW,C1CN2CCC1CC2,"[5, 5]"
LUTSID,CNC,[1]
LUTTAW,Nc1ccc(-c2ccc(N)cc2)cc1,[]
LUTZOR,NCCN,[3]
LUVVON,c1ccnnc1,[1]
LUVVUT,c1cncnc1,[1]
LUVWAA,c1cnccn1,[1]
LUWCAI,NCCCN,"[4, 1]"
LUYTOP,NCCCCN,[0]
LUYTUV,NCCCCN,[0]
LUYVAD,c1c[nH]cn1,"[0, 1]"
MACHUU,N=C(N)N,[5]
MACUFR,CNC,[7]
MADQAL,c1cc(-c2ccncc2)ccn1,[]
MAFQEQ,c1c[nH]cn1,[1]
MAGMOZ,CCN,[7]
MAGNEQ,CCN,[7]
MAHHAF,NCCN1CCNCC1,[4]
MAHKAI,C1CNCCN1,[4]
MAJKUE,NCCN,[]
MAJMOA,CN,[7]
MAKHAJ,NC1CC1,[0]
MAKLIV,NCCNCCN,[]
MALMAN,c1ccc(-c2cccc(-c3ccccn3)n2)nc1,[10]
MALWOM,CN1CCNCC1,[1]
MAMBOS,NCCN,[0]
MANKIW,NCCNCCN,[12]
MANPUO,CC(C)N,[]
MAPBEK,CC1(C)CCCC(C)(C)N1,[1]
MAPCIP,NCCCCN,[1]
MAPHUH,Cc1ccnc(-c2cc(C)ccn2)c1,[]
MARJAQ,NCCCCCCCCCCN,[1]
MASXOT,CN(C)CCN(C)C,[6]
MATCAN,c1ccc2[nH]cnc2c1,[1]
MATHEV,C1CNCCN1,"[0, 4]"
MATNAW,NCCN,[1]
MAVBIW,N=C(N)N,[15]
MAVBOC,N=C(N)N,[15]
MAVBUI,N=C(N)N,[15]
MAVCAP,N=C(N)N,[15]
MAVFEV,CNC,[4]
MAWVEO,CNC,[7]
MAWVIS,CCN,[7]
MAXPOT,NC1CCCCC1,[]
MAXPUZ,CN(C)C(=N)N(C)C,[]
MAYFUN,NCCCN,"[4, 1]"
MAYRAF,C1CNCCN1,"[12, 1]"
MAZQUA,NCCN,[0]
MAZYER,c1c[nH]cn1,[4]
MEBDON,Cc1cccc(C)n1,[]
MEBLEL,CN(C)CCN(C)C,[]
MECLEL,NCCN(CCN)CCN,[1]
MECMAL,CC(N)CN,"[4, 1]"
MECMEP,CC(N)CN,"[4, 1]"
MECMIT,CC(N)CN,"[4, 1]"
MECMOZ,CC(N)CN,"[4, 1]"
MECMUF,CC(N)CN,"[4, 1]"
MECSAP,c1ccc(N2CCNCC2)nc1,[0]
MECSET,c1ccc(N2CCNCC2)nc1,[0]
MECSIX,CC(N)CN,[0]
MECVIA,CCCCN(CCCC)CCCC,[1]
MECVOG,CCCCN(CCCC)CCCC,[1]
MECVUM,NCCN(CCN)CCN,[1]
MEDLIQ,CC(C)NC(C)C,[1]
MEDLOW,CC(C)NC(C)C,[1]
MEFCAE,CC(N)CN,[7]
MEFFIP,CN,[7]
MEFGEM,N=C(N)N,[7]
MEFKAM,NCCNCCN,[7]
MEFKIU,NCCNCCNCCN,[7]
MEFKUG,CNCCNC,[7]
MEFLOB,CNCCNC,[7]
MEFLUH,NCCCN,[7]
MEFMUI,NCCN,[7]
MEGBAC,C1CCNCC1,[1]
MEGBEG,C1CCNCC1,[1]
MEHHIR,NCCN,"[0, 10]"
MEJGEN,CN(C)CCN(C)C,[1]
MEJVAY,NCCN,"[12, 1]"
MEJVEC,NCCN,"[12, 1]"
MEKSOL,CN,[22]
MEKSUR,CN,[22]
MEMGEQ,CNC,[4]
MEMZIO,c1cc(-c2ccncc2)ccn1,[]
MENSAA,NCCCCN,[]
MENWOU,CN(C)c1ccncc1,[]
MERTIN,C1CCNC1,[1]
MESHAT,C1CNCCN1,[2]
MESSUZ,C1CNCCN1,[4]
MESTAG,C1CNCCN1,[4]
MESTOU,C1CNCCN1,[4]
MEVPIM,CC1(C)CC(N)CC(C)(C)N1,[]
MEVVUH,CCN(CC)CC,[4]
MEXDAU,NCCCNCCN,[1]
MEXDEY,NCCCCN,[1]
MEXDIC,C1CNCCN1,[1]
MEXDOI,C1CNCCN1,[1]
MEYHUW,CCCCNCCCC,[4]
MICBIL,NCCCCN,[2]
MICBOR,NCCCCN,[2]
MICBUX,c1c[nH]c(-c2ncc[nH]2)n1,[1]
MICCAE,c1c[nH]c(-c2ncc[nH]2)n1,[1]
MICNOB,NCCCCCN,[1]
MIFSOM,N=C(N)N,[]
MIGKIX,c1ccc2[nH]cnc2c1,[]
MIHJOE,NCCCN,"[5, 8]"
MIHJUK,NCCCN,"[5, 8]"
MIJYUA,CCN,[1]
MILSAC,NCCCN,[]
MILSEG,NCCCN,[]
MILSIK,NCCCCN,[]
MILSOQ,NCCCCN,[]
MILSUW,NCCCCCN,[]
MILTAD,NCCCCCN,[]
MILTEH,NCCCCCCCN,[]
MILTIL,NCCCCCCCN,[]
MIMFOF,NCCCCN,[1]
MINTIM,NCCCNCCN,[1]
MINWEL,NCCCN,[1]
MINWIP,NCCCN,[1]
MIPWUG,CCN(CC)CC,[2]
MIPXAN,CCN(CC)CC,[2]
MIQPEK,CC(C)NC(C)C,[]
MIRTOX,c1cnc(Nc2ncccn2)nc1,[]
MIRVAK,C1CN2CCN1CC2,[]
MISQIQ,NCCNCCN,[1]
MIVCOL,NCCCN,[1]
MIVDOL,CNC,[1]
MIYHIM,NCCNCCN,[2]
MIZREU,NCCNCCN,"[14, 12]"
MOCROL,NCCCCN,[]
MOCRUU,NCCc1ccccc1,[]
MOFPEE,CN1CCNCC1,[1]
MOHFOF,Cc1ccccn1,[]
MOHFUL,Cc1ccccn1,[]
MOJZEQ,NCCN,[1]
MOJZUG,C1CNCCNCCCNCCNC1,[1]
MOLQAG,NCCN,[]
MOMSIS,CNC,[2]
MOPBEY,NCCN(CCN)CCN,[]
MOQNUB,NCCN,[1]
MORZID,CCNCC,[1]
MOTMIS,NCCCCCCN,[]
MOTMOY,NCCCCCCN,[]
MOWMIV,Nc1ccc(N)cc1,[1]
MOWMOB,Nc1ccc(N)cc1,[1]
MOWQEV,NCCN,[2]
MOWQIZ,C1CN2CCN1CC2,"[2, 4]"
MUFQAI,c1ncn(CCCn2cncn2)n1,[6]
MUFWAM,CCN(CC)CC,[1]
MUGCUP,c1cc(-c2nnn(CCCn3nnc(-c4ccncc4)n3)n2)ccn1,[1]
MUHPOV,C1CN2CCN1CC2,"[0, 4]"
MUKKAF,c1c[nH]cn1,[]
MUKKIN,c1c[nH]cn1,[]
MULJEI,NCCCCCCN,[0]
MUPGIO,c1ccc(Nc2ccccn2)nc1,[]
MUPKUF,N=C(N)N,[7]
MUQJIS,Nc1ccccc1,[0]
MUQNIV,c1ccc(Cn2ccnc2N=Nc2ccccc2)cc1,[]
MUQSUO,Cn1ccnc1,[2]
MUQTAT,C1CNCCN1,[1]
MUQTAV,Cn1ccnc1,[2]
MUQTEX,C1CNCCN1,[1]
MUQTIC,C1N2CN3CN1CN(C2)C3,[]
MURKIU,Nc1nc(N)nc(N)n1,[17]
MUSSAU,NCCN(CCN)CCN,[1]
MUSSIE,NCCN(CCN)CCN,[0]
MUSYAB,c1cc(-c2ccncc2)ccn1,[6]
MUVMOG,CN(C)CCN(C)C,"[0, 1]"
MUVNAT,NCCN,[1]
MUVNEX,NCCNCCN,[1]
MUWZIO,CN(C)C,[1]
MUZBUE,C1CNCCN1,[]
NABLEJ,CNC,[]
NABNEL,C1CNCCN1,[1]
NABSAL,C1CNCCNC1,[1]
NABSEP,C1CNCCNC1,[1]
NACBAV,c1ccc(CNCCN(CCNCc2ccccc2)CCNCc2ccccc2)cc1,[]
NACDUR,NCCN,[3]
NACFON,NC1CCCCC1,[]
NADCOM,CN1CCN(C)CC1,[1]
NAFRUI,NCCN(CCN)CCN,[1]
NAHJIS,CNC,[1]
NAHJOY,CNC,[0]
NAJDEI,NC1CCCCC1,[1]
NAJFIP,CN,[1]
NAJRAT,CCNCC,"[4, 8]"
NAKPOG,NCCN,[1]
NAKXUU,CN(C)c1ccncc1,[4]
NAPQUS,c1cc(CCCc2ccncc2)ccn1,[1]
NARGUK,CNC,[2]
NARHAR,CNC,[2]
NARHEV,CNC,[2]
NARJOF,N=C(N)N,[]
NATCIX,CCN(CC)CC,[4]
NATDEU,NCCN(CCN)CCN,[]
NATDIY,NCc1ccccn1,[]
NATDOE,Nc1cccnc1,[]
NATGIZ,C1CNCCN1,[2]
NATMUQ,CCN,[1]
NATNAX,NCCCCCCN,[1]
NATNOL,c1cc(-c2ccncc2)ccn1,[1]
NATSAC,NCCNCCNCCN,"[12, 1]"
NAVCAO,C1CN2CCN1CC2,[1]
NAVCAP,CCCN,[]
NAVDUK,NCCNCCN,[1]
NAVFAS,NC1CCC(N)CC1,[1]
NAVFEW,C(CC1CCNCC1)CC1CCNCC1,[1]
NAVFIA,C(CC1CCNCC1)CC1CCNCC1,[1]
NAVFUM,C1CNCCN1,"[0, 4]"
NAVWAL,CC(C)NC(C)C,[4]
NAYFAU,NCCN,[1]
NAYPEJ,Nc1ccccc1,[1]
NAYPIM,c1ccncc1,[1]
NECPEQ,CCN(CC)CC,[1]
NECTUN,CCNCC,[5]
NECYUR,NCCN,[0]
NECZAY,CC(N)CN,[0]
NEDJEN,CNC,[3]
NEDJIR,CNC,[3]
NEDLUF,N=C(N)N,[1]
NEDMEP,CN(C)CCN(C)C,[0]
NEGVIH,c1cncc(-c2cc(-c3cccnc3)nc(-c3cccnc3)c2)c1,[6]
NEGVON,c1cn(Cc2ccc(Cn3ccnc3)cc2)cn1,[6]
NEHWUS,CCCCN,[1]
NELLOF,c1cc(-c2ccncc2)ccn1,[]
NELXEI,NCCCN,[1]
NENFAN,CN(C)c1ccncc1,[1]
NENNEB,c1c[nH]cn1,[]
NEPFOF,c1cc(CCCc2ccncc2)ccn1,[1]
NERYOY,NCCCN,[1]
NESCAP,NCCCN,[1]
NETWIU,CNC,[2]
NEXGAA,CCNCC,[5]
NEXGEE,CCNCC,[5]
NEXGII,CCNCC,[5]
NEXGOO,CCNCC,[5]
NEYDAX,NCCCN,"[12, 1]"
NEZBOK,C1CNCCN1,"[0, 4]"
NICCAE,NCCNCCN,[1]
NICJUF,NCCN(CCN)CCN,[6]
NIKRIK,Cc1cccc(N)n1,[4]
NINPIL,CNC,[]
NINPOR,CNC,[]
NINPUX,CC(C)N,[]
NIPMII,CC1CC(C)(C)NCCNC(C)CC(C)(C)NCCN1,[]
NIQLEE,NCCN(CCN)CCN,[1]
NIRDAT,NCCN,[1]
NIRKAB,CCCCN,[1]
NITBUQ,NCCN,[1]
NITCUR,c1cc(-c2ccncc2)ccn1,[1]
NITDEC,c1cc(-c2ccncc2)ccn1,[1]
NITGED,NCCN,[1]
NITGIH,NCCN,[1]
NIVRAL,C1CN2CCN1CC2,[1]
NIWWEV,NCCN,[6]
NIXSUK,CC(N)CN,[]
NIXTUL,Cc1cccc(C)c1N,[1]
NIYWAV,CC(N)CN,[0]
NIZTAT,c1cc(-c2ccncc2)ccn1,[5]
NOBVIM,C1CNCCN1,[0]
NOBVOS,C1CNCCN1,"[0, 1]"
NOGDOF,NCc1cccc(CN)c1,[]
NOKJON,c1cc(-c2ccncc2)ccn1,[1]
NOLDEA,Cc1ncc[nH]1,[]
NOMDOJ,c1cc(CCc2ccncc2)ccn1,[1]
NONYUK,c1ccncc1,[]
NOPDUS,CCN,[2]
NOQLOV,NCCN,[4]
NORCEF,NCC1CCCC(CN)C1,[1]
NOVKIV,c1ccc2[nH]nnc2c1,[]
NUBTOT,C1=C2N=C(C=C3N=C(C=C4N=C(C=C5N=C1C1=C5CCCC1)C1=C4CCCC1)C1=C3CCCC1)C1=C2CCCC1,[]
NUDNUW,CNC,[7]
NUDPAE,CNC,[7]
NUFFAY,CNC,[1]
NUJXAU,Cc1cnc[nH]1,[]
NUKHUW,NCCCCN,[1]
NUNFAF,NCCCN,"[14, 12]"
NUNLUE,Cc1nc2ccccc2[nH]1,[]
NUNTIA,NCCN,[1]
NUNTOH,NCCCNCCN,[1]
NUNWAW,NCCN,[1]
NUNWID,C(CC1CCNCC1)CC1CCNCC1,[]
NUNWIE,NCCN,"[1, 1]"
NUQWAZ,CN,[7]
NUQWEB,CCCNCCC,[]
NURFOX,CN,[7]
NURFUD,CN,[7]
NURGAK,CN,[7]
NURGEO,CN,[7]
NURGIS,CN,[7]
NURGUE,CN,[7]
NURHAL,CN,[7]
NURHEP,CN,[7]
NURHIT,CN,[7]
NURJAN,CN,[7]
NUSGEO,c1ccc(-c2ccccn2)nc1,[]
NUSGIS,c1cc(-c2ccncc2)ccn1,[]
NUSGUE,c1cc(-c2ccncc2)ccn1,[12]
NUTBEL,NCCN(CCN)CCN,[1]
NUVLEW,CNC,"[1, 8]"
NUVQUR,c1ccncc1,[1]
NUWBOX,NCCN,[1]
NUWBUD,c1cn(CCCCn2ccnc2)cn1,[1]
NUXCOY01,NCCN,[1]
NUXWAF,C1CNCCCNC1,[1]
OBEGUX,C1CNCCN1,[1]
OBERAO,NCCCN,[1]
OBIBUX,NCCN,[0]
OBIGUC,NCCN,[0]
OBIYUV,N=C(N)N,[]
OBOQED,Nc1ccncc1,[4]
OBOZAH,NC1CCCCC1N,[0]
OBUBET,c1cnc2c(c1)ccc1cccnc12,[10]
OBUMAZ,NCCCN,[0]
OCABOK,C1CNCCN1,[]
OCUQIO,C1CNC1,[7]
OCUVUG,CCCCN,[]
ODEKAL,NCCN,[1]
ODICOV,Cc1n[nH]c(C)c1-c1c(C)n[nH]c1C,[]
ODICUB,Cc1n[nH]c(C)c1-c1c(C)n[nH]c1C,[5]
ODIJIW,CN1CCNCC1,[1]
ODIJOC,CN1CCNCC1,[1]
ODOTAF,Nc1nccnn1,[10]
OFEZEF,NCCN(CCN)CCN,[1]
OFEZIJ,NCCN(CCN)CCN,[1]
OFIDAJ,c1ccncc1,[4]
OFITAY,NCCCN,[6]
OFITEC,NCCCN,[6]
OFIVEE,NCCCN,[1]
OFIVII,CC(N)CN,[1]
OFIWIK,NC1CCCCC1,[0]
OFIWOQ,NC1CCCC1,[0]
OFOFUN,CNC,[]
OFUJEF,c1ccncc1,"[14, 12]"
OGAHUC,CCNCC,[1]
OGAJAK,CC(C)N,[1]
OGAJIS,C1CCNCC1,[1]
OGIBOV,C1CNCCN1,[1]
OGULUZ,C1CN2CCN1CC2,[6]
OGUVEU01,CNC,[7]
OGUXOF,NCCN(CCN)CCN,[]
OHEGAJ,NCCCNCCCN,"[6, 4]"
OHEGEN,NCCCNCCCN,[6]
OHISUU,NCCN,[1]
OHOJOM,Cc1ccc2ccc3ccc(C)nc3c2n1,[4]
OHUHOO,NCCN,"[11, 1]"
OHUNUA,CC(N)CN,[1]
OHUSER,c1nnc[nH]1,[1]
OJEVII,C1CNCCN1,[]
OJIXUC,N=C(N)N,[4]
OJOQUZ,C1CNCCN1,[1]
OJUSAN,C1CNCCN1,[3]
OKECIQ,NCCN(CCN)CCN,[1]
OLATIE,CNC,[1]
OLELUM,NCCN,[0]
OLEMAT,NCCN,[0]
OLIJOI,NCCN,[]
OMUDAD,CN(C)c1ccncc1,[1]
ONALEV,CNC,[1]
ONAYAF,Nc1nc(N)nc(N)n1,[2]
OPAGUI,Cc1cccc(-c2cccc(-c3cccc(C)n3)n2)n1,[10]
OPAMOI,C1CNCCN1,[1]
OPAMUO,C1CCNC1,[]
OPARON,c1c[nH]cn1,[1]
OPEGIA,NC1CCCCC1N,[0]
OPEGOG,NCCCN,"[0, 1]"
OPOFAB,NCCNCCN,[6]
OQOFOR,C1CNCCN1,[1]
ORERAG,NCCCN,[1]
ORIPUB,NC1CN2CCC1CC2,[]
ORIQAI,NC1CN2CCC1CC2,[]
OROLUD,CCN(CC)CCCN,[0]
OROMAK,CN(C)CCCN,[0]
OROWAV,C1CN2CCC1CC2,[]
OTAXOX,CNC,[7]
OVAGAU,NCCN,[14]
OVATAH,NCCN,[2]
OVEJIJ,NCCN,[1]
OVETEQ,NCCN,[11]
OVITAP,c1cc(-c2ccncc2)ccn1,[2]
OVITET,c1cc(-c2ccncc2)ccn1,[2]
OVITIX,c1cc(-c2ccncc2)ccn1,[2]
OVITOD,c1cc(-c2ccncc2)ccn1,[2]
OVITUJ,c1cc(-c2ccncc2)ccn1,[2]
OVUVUX,CCCCN,[]
OVUWAE,CCCCN,[]
OVUWEI,C1CCNC1,[]
OWUFIX,C1CCC(N2CCNCC2)CC1,[]
OXAYIW,c1cc(-c2ccncc2)ccn1,[]
OXIDUW,CCN,[7]
OXIGOT,CCN,[7]
OYEKEK,C1=Cc2nc1c(-c1ccncc1)c1ccc([nH]1)c(-c1ccncc1)c1nc(c(-c3ccncc3)c3ccc([nH]3)c2-c2ccncc2)C=C1,[5]
OYEKIO,C1=Cc2nc1c(-c1ccncc1)c1ccc([nH]1)c(-c1ccncc1)c1nc(c(-c3ccncc3)c3ccc([nH]3)c2-c2ccncc2)C=C1,[5]
OYENUC,NCCNCCN,[1]
OYUCUH,C1CN2CCN1CC2,[1]
OYUDAO,C1CN2CCN1CC2,[1]
OYUDES,C1CN2CCN1CC2,[1]
OZANOU,NCCN,[5]
OZIGAH,NCCCc1ccccc1,[]
PABROC,CCCCNCCCC,[]
PACZOK,NCCCCCCN,[1]
PADJEK,CN,[7]
PADJOU,CCN,[7]
PADKIP,C1CNC1,[7]
PADVOH,NCCN,[6]
PADVUN,NCCN,[6]
PADWAU,NCCNCCN,[6]
PADWEY,NCCN,[6]
PAGFIN,C1CNCCN1,[0]
PAGFUZ,C1CNCCN1,[0]
PAHHIS,NC12CC3CC(CC(C3)C1)C2,[5]
PAJHIS,C1CN2CCN1CC2,[]
PAKFEO,Cc1cccnc1,[17]
PALTUU,CNC,[]
PALVAC,CC(C)(C)N,[]
PALVEG,CNC,[]
PAMPEZ,CC1CNC(C)CN1,[]
PAMRAY,Cc1nccn1-c1ccc(-n2ccnc2C)cc1,[4]
PAMREC,Cc1cc(-n2ccnc2)c(C)cc1-n1ccnc1,[4]
PAMRIG,c1cn(Cc2ccc(Cn3ccnc3)cc2)cn1,[4]
PAMROM,c1cc(-n2ccnc2)cc(-n2ccnc2)c1,[4]
PAPHOE,CNC,[5]
PAQPIG,NCCN,[1]
PAQRAC,NCCN,[8]
PARHIC,Cc1cccc(C)c1N,[1]
PARNUS,NCCN(CCN)CCN,[1]
PAWCIA,NCCNCCNCCN,[0]
PAWFEZ,Nc1ccccc1,[1]
PAXXES,NCCN,"[14, 12]"
PEBCAA,C1CN2CCN1CC2,[1]
PEBYEA,CNC,[1]
PECBAC,NCCN,[2]
PECBEG,NCCN,[2]
PECGIO,CCN,[27]
PEDBAC,C1CNCCN1,[1]
PEDBEG,CC(N)CN,[1]
PEDQIA,Cc1ccncc1,[17]
PEFJUF,CCN(CC)CC,[1]
PEGLAP,NCCN,[1]
PEGSUS,CCCCCCN,[]
PEGTAZ,Cc1cccc(C)n1,[]
PEGTED,Cc1cc(C(C)(C)C)nc(C(C)(C)C)c1,[]
PEGTIH,CN1CCCCC1,[]
PEGTUT,CN(C)c1ccccc1,[]
PEHNUO,C1CNC(CN2CCCC2)C1,[1]
PEHSED,c1c[nH]cn1,[4]
PEJFAM,NCCCN,"[4, 1]"
PEJFEQ,NCCN,"[4, 1]"
PEJFIU,NCCCN,"[4, 1]"
PEJFOA,NCCNCCN,"[4, 1]"
PEJFUG,NCCNCCN,"[4, 1]"
PEKGES,NCCN1CCNCC1,[]
PELWAF,NCCCN,[3]
PENMIG,NCCN(CCN)CCN,"[14, 12]"
PENZIS,c1cc(CCCc2ccncc2)ccn1,[0]
PEPBOC,NCCNCCN,[]
PEQFIB,Nc1ccc(N)cc1,[1]
PEQFOH,Nc1cccc(N)c1,[1]
PEQFUN,Nc1ccccc1N,[1]
PEQTOV,c1c[nH]cn1,[4]
PEQTUB,CCN(CC)CC,[4]
PEQZER,NCCN,[1]
PERHOK,NCc1ccccn1,[1]
PESSAK,CNC,[7]
PESTAL,CNC,[7]
PESTIS,CCNCC,[8]
PETFEA,C1CNCCNC1,[1]
PETNOS,C1CNCCN1,[0]
PEVGOO,CCNCC,[1]
PEVGUU,CCNCC,[1]
PEVQIQ,C1CN2CCN1CC2,[1]
PEXBAY,CC(C)NC(C)C,[4]
PEXLEM,c1cnc2c(c1)ccc1cccnc12,[10]
PEXLIQ,c1cnc2c(c1)ccc1cccnc12,[10]
PEZLAI,NCCCN,[2]
PEZLEM,C1CN2CCN1CC2,[2]
PEZLIQ,C1CNCCN1,[2]
PEZNUG,CCN,[7]
PEZPAO,CNC,[7]
PHOLRE,c1cnc2c(c1)ccc1cccnc12,[]
PIBNIY,C1CN2CCN1CC2,[]
PIBNOE,C1CN2CCN1CC2,[]
PIBYOP,NCCN,[1]
PIBYUV,NCCN,[1]
PIBZAC,NCCN,[1]
PIFPOK,NCCN,[2]
PIGVEH,CN(C)CCN(C)C,[1]
PIGXAF,CNC,[4]
PIHDUG,NCCN(CCN)CCN,[]
PILDUK,NCc1ccccc1,[2]
PILMOO,N=c1[nH]cc[nH]1,[4]
PILMUU,N=C(N)N,[4]
PILWEN,NCCCN,[]
PIPFUR,NCCCN,[]
PIPHWO,C1CCNCC1,[]
PIPYOF,CNC,[]
PITQOZ,CNC,[1]
PIXPOE,CN,[7]
POBJIB,NCCNCCN,[0]
POBNEB,N=CN,[7]
PODCUH,C1CNCCN1,[2]
POFMUU,Cc1ccc2ccc3ccc(C)nc3c2n1,[]
POFYUF,C1CNCCN1,[]
POHCEU,CCN(CC)CC,[]
POHPUA,CC(C)NC(C)C,[4]
POJSEP,CNC,[11]
POJVIU,CC1CNCCN1,[6]
POLBAT,CNC,[1]
POLBEX,NCCCCCCN,[1]
POLBIB,NCCCN,[1]
POLBOH,NCCN,[1]
POLBUN,NCCCN,[1]
POMLAG,CCCN(CCC)CCC,[4]
PONPOX,NCCCCN,[1]
POQKAI,NCCN,[0]
POQQES,C1CNCCN1,"[12, 1]"
PORGAE,c1ccncc1,[1]
POTYUT,Nc1ccc(N)cc1,[]
POTZAA,NCc1cccc(CN)c1,[]
POVBEJ,c1cc(CCCc2ccncc2)ccn1,[]
POVMOC,NCCCCN,"[1, 1]"
POVMOF,N=C(N)N,[]
POVNUM,N=C(N)N,[2]
POVPAU,Nc1ccncc1,[2]
POVQAU,C(=Cc1ccncc1)c1ccncc1,[]
POWVED,C1CN2CCN1CC2,[4]
POXHAM,C1CNCCN1,[]
POXJOC,CNC,[]
PUBDAR,c1c[nH]cn1,[]
PUBDEV,c1cn[nH]c1,[]
PUCFOJ,C(CC1CCNCC1)CC1CCNCC1,[0]
PUCYIY,CNC,[2]
PUFPOY,c1cc2ccc1CNCCN1CCNCc3ccc(cc3)CNCCN(CCNC2)CCNCc2ccc(cc2)CNCC1,[]
PUHSIV,C(=Cc1ccncc1)c1ccncc1,[]
PUKNIV,Cc1ncc[nH]1,[1]
PULHOT,C1CN2CCN1CC2,[1]
PUMREU,C1CNCCN1,[]
PUPCEJ,CC1CNCCN1,[2]
PUPJIU,c1cc(-c2ccncc2)ccn1,[1]
PUPJOA,c1cc(-c2ccncc2)ccn1,[1]
PUPJUG,c1cc(-c2ccncc2)ccn1,[1]
PUPYAA,CN,[1]
PURBEK,CC(CN)CCCN,"[14, 12]"
PURBIO,NCCCCCN,"[14, 12]"
PURBOU,NCCCCCN,"[14, 12]"
PURBUA,NCCCNCCN,"[14, 12]"
PUVDEP,NCCN,[1]
PUVWEL,NCCNCCN,[]
PUWZUD,Nc1ccncc1,[4]
PUXBAM,Nc1ccncc1,[4]
PUXGOE,C1CCNC1,[5]
PUXHIZ,Cc1ccc(N)cc1,[1]
PUZDIY,C1=Cc2nc1c(-c1ccncc1)c1ccc([nH]1)c(-c1ccncc1)c1nc(c(-c3ccncc3)c3ccc([nH]3)c2-c2ccncc2)C=C1,[10]
PUZDOE,C1=Cc2nc1c(-c1ccncc1)c1ccc([nH]1)c(-c1ccncc1)c1nc(c(-c3ccncc3)c3ccc([nH]3)c2-c2ccncc2)C=C1,[10]
PUZDUK,C1=Cc2nc1c(-c1ccncc1)c1ccc([nH]1)c(-c1ccncc1)c1nc(c(-c3ccncc3)c3ccc([nH]3)c2-c2ccncc2)C=C1,[10]
PUZFIA,C1=Cc2nc1c(-c1ccncc1)c1ccc([nH]1)c(-c1ccncc1)c1nc(c(-c3ccncc3)c3ccc([nH]3)c2-c2ccncc2)C=C1,[10]
PYMCAM,c1ccncc1,[]
PYMOCM,c1ccncc1,[]
PYPOAM10,c1ccncc1,[]
PYPOMO10,c1ccncc1,[]
QACNEO,NCCN,[]
QACQOB,NCCN,[1]
QACRES,CN(C)CCN(C)C,[1]
QADJEL,NCCN,"[4, 1]"
QADJIP,NCCN,"[4, 1]"
QADSUJ,CCCN,[1]
QADVUN,CCCN,[1]
QADWAU,NCCCNCCCN,[1]
QADWEY,NCCCNCCCN,[1]
QAGFOT,C1CN2CCN1CC2,[]
QAHJIT,NCCCNCCNCCCN,[]
QAHPEX,NCCCCN,[7]
QAHQEW,Cc1ccc(CN)cc1,[1]
QAJJOB,C1CN2CCN1CC2,[1]
QAJJUH,CN1CCNCC1,[1]
QAJKAO,C1CNCCN1,[0]
QAJKIV,NCCCN,[1]
QAKMIZ,NC1CCC(N)CC1,[]
QAKYEH,NCCCCCCN,[0]
QAMDIT,NCCN,[0]
QANJOE,c1ccncc1,[1]
QANWOU,N=C(N)N,[1]
QAPKAV,CNC,"[13, 3]"
QAQBES,c1cn[nH]c1,[6]
QAQHOG,c1ccncc1,[1]
QATHUO,c1ccc(CNCc2ccccc2)cc1,[1]
QATNII,NCCN,[1]
QATNOO,NCCN,[1]
QATPOR,c1ccncc1,[1]
QAVPIO,CC(CN)CCCN,[1]
QAVPOU,CC(CN)CCCN,[1]
QAWPAF,NCCCCCCN,[]
QAXPAG,NCCCN,[1]
QAXPEK,NCCN,[]
QAXPIO,C1CNCCN1,[]
QAXPIR,N=C(N)N,[1]
QAXPOX,N=C(N)N,[1]
QAXPUA,C1CN2CCN1CC2,[1]
QAXQAH,NCCCN,[1]
QAXQEL,C1CN2CCN1CC2,[1]
QAXQIP,CC(N)CN,[1]
QAXQUB,NCCN,[1]
QAXRAI,N=C(N)N,[1]
QAXREM,NC1CCC(N)CC1,[1]
QAXRIQ,NC1CCC(N)CC1,[1]
QAXROW,CC(C)(CN)CN,[1]
QAXRUC,NCCCN,[1]
QAXSAJ,NCCN,[1]
QAXSEN,NCCCN,[1]
QAYLEH,CC(C)NCCNC(C)C,[1]
QEBREU,C1CNCCN1,[1]
QECMUG,C1CNCCN1,[1]
QECPAP,C1CNCCN1,[1]
QECPET,C1CNCCN1,[1]
QECPIX,CN(C)CCN(C)C,[1]
QEDCOU,c1cn(CCCCn2ccnc2)cn1,[6]
QEGPAU,CNC,[20]
QEGPEY,CN(C)C,[20]
QEKFEU,CN(C)c1ccncc1,[1]
QEKKAS,NCCCCCCCCCN,[1]
QEKKEW,NCCCCCCCCCCN,[1]
QEKKIA,NCCCCCCCCCCCN,[1]
QEKKOG,NCCCCCCCCCCCCN,[1]
QEMNEC,C1CCNCC1,[1]
QENCAO,NCCNCCN,[1]
QEQTIP,CN(C)CCN,[1]
QEQZIV,CN(C)CCCN,[1]
QERCEV,NCCN,[1]
QERQEK,NCCCN,[]
QERQIO,c1cc(-c2ccncc2)ccn1,[]
QERRIP,N=C(N)N,[10]
QESKEF,c1cc(CCc2ccncc2)ccn1,[]
QESLIK,NCCN,"[4, 1]"
QESLOQ,NCCCN,"[4, 1]"
QESNEK,c1ccncc1,[4]
QESPEM,c1ccncc1,[4]
QESPOW,c1ccncc1,[4]
QESRAI,NCCNCCNCCNCCN,[1]
QESREM,CN(C)c1ccncc1,[1]
QESROW,C1CNCCN1,[1]
QETZOE,CNC,[]
QEVDON,c1c[nH]cn1,[1]
QEVDUT,c1ccc2[nH]cnc2c1,[1]
QEYHOS,NCCN,[]
QEZYUR,C1CNCCN1,[2]
QEZZAY,C1CNCCN1,[2]
QEZZEC,C1CNCCN1,[2]
QICTIG,NCCN,"[2, 26]"
QIFCAJ,NCCN,[1]
QIFPAY,CN(C)CCN(C)C,[]
QIGCUE,N=C(N)N,[4]
QIGDAL,C1CNCCN1,[4]
QIGDEP,C1CN2CCN1CC2,[4]
QIGDIT,C1CNCCN1,[4]
QILBOF,CN(C)C(N)=NC(=N)N,[]
QISXEW,CN1CCCC1c1cccnc1,[1]
QIWCAB,C1CNCCN1,[0]
QIWZOM,CCCCNC,"[13, 3]"
QIXPAO,c1cc2cc(c1)CNCCN1CCNCc3cccc(c3)CNCCN(CCNC2)CCNCc2cccc(c2)CNCC1,[]
QIXZOO,C1N2CN3CN1CN(C2)C3,[]
QOBHOF,NCCN,"[14, 12]"
QOBPEE,c1c[nH]cn1,[1]
QOBPII,CN,[1]
QOBTIL,c1cc(-c2ccncc2)ccn1,[1]
QOBVOT,NCCCCN,"[4, 1]"
QOBWEJ,NCCCN,"[1, 1]"
QOBWIN,NCCCN,[1]
QOBZAI,C1N2CN3CN1CN(C2)C3,[1]
QOCBUH,c1ccncc1,[1]
QOFKOL,C1CNCCN1,[1]
QOFKUR,CC1CNCCN1,[1]
QOFNEG,Cn1ccnc1,[6]
QOFNUW,c1ccncc1,[13]
QOFPAE,Cn1ccnc1,[1]
QOFYIT,CCCN,"[1, 8]"
QOGTEM,c1c[nH]cn1,[]
QOGZET,c1c[nH]cn1,[0]
QOGZIX,NCCN,[0]
QOJKAB,N=C(N)N,[15]
QOLHUV,C(=Nn1cnnc1)c1ccncc1,[10]
QOLVET,CCNCC,[1]
QONBUS,N=C(Nc1ccccc1)Nc1ccccc1,[1]
QONDUV,NCCN,[]
QONFAD,NCCN,[]
QOPDAA,NC1CCCCC1N,[1]
QOPDEE,NC1CCCCC1N,[1]
QORBUV,Nc1ccncc1,[11]
QOTMAO,c1cncc(-c2nc3ccccc3[nH]2)c1,[]
QOVZUZ,C1CNCCN1,[10]
QOWWIJ,CC(N)C=N,[1]
QOXCEN,CC1CNCCN1,[3]
QOXCIR,CC1CNCCN1,[3]
QOXCOX,CC1CNCCN1,[3]
QOXCUD,CC1CNCCN1,[3]
QOXDAK,CC1CNCCN1,[3]
QOZBAJ,CN(C)C,[]
QOZFIU,NCCCCCCN,[1]
QOZQAZ,CNC,[]
QOZQED,CNC,[]
QUFGED,NCCNCCN,[1]
QUFGIH,NCCNCCN,[1]
QUFKOS,N=C(N)N,"[4, 8]"
QUJCUT,NCCN,[0]
QUJFUZ,CNC,"[13, 3]"
QUJGAG,CNC,"[13, 3]"
QUJGEK,CNC,"[13, 3]"
QUJGIO,CNC,"[13, 3]"
QULMIV,c1c[nH]cn1,[]
QUMNET,C(CC1CCNCC1)CC1CCNCC1,[0]
QUPCOW,c1cc(CCCc2ccncc2)ccn1,[1]
QUPCUC,c1cc(CCCc2ccncc2)ccn1,[1]
QURBOW,Nc1cccc(N)n1,[4]
QURCAH,C1CNCCN1,[1]
QUTFIW,CN(C)c1ccncc1,[4]
QUTSII,Cn1ccnc1,[11]
QUXPAB,NCCN,[2]
RABNUD,c1c[nH]cn1,[1]
RABQEQ,NC1CCCC1,[1]
RABQIU,NC1CCCC1,[1]
RACMIS,NCCN,[3]
RACWUN,NCCN,"[12, 1]"
RAFMUH,NCCNCCN,"[12, 1]"
RAGDIN,c1cc(-c2ccncc2)ccn1,[13]
RAGDUZ,C1CNCCN1,[13]
RAHBEI,CC1CNCCN1,[2]
RAHSUR,c1cc(-c2ccncc2)ccn1,[5]
RAHTAY,NCCN,[1]
RAHTEC,c1c[nH]c(-c2ncc[nH]2)n1,[1]
RANMOK,N=C(N)N,[4]
RANMUQ,N=C(N)N,[4]
RANNAX,N=C(N)N,[4]
RANNEB,N=C(N)N,[4]
RANTOS,CNC,[7]
RANZUB,NCCN,[4]
RAPBOZ,C1CNCCN1,"[4, 1]"
RAPMOK,N=C(N)N,[1]
RAPMUQ,c1ccncc1,[1]
RAQNED,NCCN1CCNCC1,[1]
RAQVAG,NCCN,[1]
RATPEJ,c1cc(-c2ccncc2)ccn1,[1]
RATPIN,c1c[nH]cn1,[1]
RATPOT,C1CN2CCN1CC2,[1]
RAWJUU,Cc1ccc2ccccc2n1,[]
RAYZIA,C1CNCCN1,[1]
RAZNIP,CC(C)(C)N,[]
RAZNOV,CC(C)(C)N,[]
REBRAR,c1ccncc1,[1]
REBRIA,NCCN(CCN)CCN,[1]
REBROG,NCCN(CCN)CCN,[1]
REBRUM,NCCN(CCN)CCN,[1]
REBSAT,NCCN(CCN)CCN,[1]
REBSIB,NCCN(CCN)CCN,[1]
REBSOG,C1CN2CCC1CC2,[]
REBSUM,NCCCCN,[1]
REFFOX,c1cc(-c2ccncc2)ccn1,[]
REGJUI,NCCN,[1]
REHQUQ,NCCCCN,[1]
REJFEU,NCCN,[1]
REKCUG,CN(C)CCCN,[0]
REKGUL,CNC,[2]
REKKOJ,CN1CCN(C)CC1,[3]
REKKUP,CC1CNC(C)CN1,[3]
REKLAW,CC1CNCCN1,[3]
REKLEA,CC1CNCCN1,[3]
REKLIE,CC1CNCCN1,[3]
RELJAT,c1ccncc1,[8]
REMXOX,Cc1ccc(N)cc1C,[1]
REMYUG,CNC,[7]
REMZAN,CNC,[7]
REYJOX,C(CC1CCNCC1)CC1CCNCC1,[]
REZGEJ,c1ccncc1,[5]
REZJIR,c1c[nH]cn1,[7]
REZLAL,c1cn(CCCCn2ccnc2)cn1,[1]
REZLIS,Nc1ccccn1,[]
REZVEZ,NCCCCCCN,[]
REZVID,NCCCCCCN,[]
RICNEZ,C1CNCCN1,[]
RIGQOO,N=C(N)N,[]
RIGQUT,c1ccncc1,[]
RIHTIL,NCCN,[1]
RINSEM,N=C(N)N,[0]
RISVEV,Nc1ccncc1,[4]
RIYKEQ,NCCNCCNCCN,"[14, 12]"
ROBHUM,CNCCCN,"[14, 12]"
ROBRIK,NCCCN1CCN(CCCN)CC1,[0]
ROBROQ,NCCCN1CCN(CCCN)CC1,[0]
ROBRUW,NCCCN1CCN(CCCN)CC1,[0]
ROBVIN,Nc1ccncc1,[1]
ROBVOT,NCCN,[1]
ROBVUZ,NCCNCCN,[1]
ROBWAG,CC(C)(C)N,[1]
ROFPAG,NCCCN,[]
ROHQAH,c1ccncc1,[4]
ROHSEN,c1c[nH]cn1,"[35, 1]"
ROHSIR,c1c[nH]cn1,"[5, 35]"
ROJKEH,c1cc(-c2ccncc2)ccn1,[1]
ROKHEE,NCCN(CCN)CCN,[1]
ROKMOU,C1CN2CCN1CC2,[2]
ROMXAU,c1ccc2c(c1)ncn2CCCCn1cnc2ccccc21,[]
RONMUF,CNC,[]
RONNAM,CNC,[]
RONNEQ,CNC,[]
RONNIU,CNC,[]
RONSOC,NCCCN,[1]
RONSUI,NCCCCCN,[]
RONSUK,CNC,[7]
RONTAP,NCCCCCCN,[]
RORWON,C1CN2CCN1CC2,[17]
RORXEE,C1CN2CCN1CC2,[17]
ROSYEG,CN(C)c1ccncc1,[]
RUGJIO,N=CN,[7]
RUGJOU,N=CN,[7]
RUGJUA,N=CN,[7]
RUGKAH,N=CN,[7]
RUHJUB,CNC,[11]
RUHKAI,CNC,[11]
RUHKEM,CNC,[11]
RUKFUB,CNN,[9]
RUKGAI,CNN,[9]
RUNTID,CCCCN,[]
RUNYOO,NCCCN,[1]
RUPWOP,c1cc(-c2ccncc2)ccn1,[6]
RUVCAO,NCCN,[26]
RUVCES,N=C(N)N,[26]
RUWNED,NC1CCCCC1,[1]
RUWNIH,NC1CCCCCC1,[1]
RUWNUT,NCCN1CCNCC1,[1]
RUXYUE,C1CNCCN1,[1]
RUYFAS,C1CN2CCN1CC2,[2]
RUYFEW,NCCN,[2]
RUYFIA,C1CNCCN1,[2]
RUYFOG,C1CN2CCN1CC2,[2]
RUYNUV,N=C(N)N,[15]
RUYPAD,N=C(N)N,[15]
RUYZUH,NCCN,[1]
RUZCOF,NCCCCCCCN,[0]
RUZDAS,NCCCCN,"[0, 4]"
RUZLOO,NC1CCC(N)CC1,[0]
SABKAK,NCCN,"[14, 12]"
SACNAN,C1CNCCN1,[1]
SACTEV,N=C(N)N,[4]
SAFZOR,CCN,[7]
SAGZUW,CNC,[4]
SAHBAF,CN,[4]
SAHBEJ,CCN,[4]
SAJXUX,C1CCNC1,[]
SAJYAE,CNC,[]
SAJYEI,C1CCNCC1,[]
SAJYIM,CCN,[]
SAMDAM,NCCN,"[14, 12]"
SAMMID,C1CNCCN1,[1]
SANHEV,NCCN,[4]
SANHIZ,NCCN,[4]
SANJUN,NCCCCCCN,[2]
SANKAU,N=C(N)N,[2]
SANLOK,CNCCNC,[7]
SANLUQ,CNCCNC,[7]
SANMAX,CNCCNC,[7]
SANMEB,CNCCNC,[7]
SAPJEA,CCCCN,[0]
SAPJIE,CCCCN,[0]
SAQPIK,NCCNCCNCCN,[2]
SAQPOQ,NCCNCCNCCN,[2]
SAQPUW,NCCNCCNCCNCCN,[2]
SASKIH,NCCN,[0]
SAVPEL,NCCN,"[14, 12, 4]"
SAYWOF,c1ccc(-c2cccc(-c3ccccn3)n2)nc1,[]
SAZYEA,NCCN,"[14, 12]"
SEBXAA,c1ccncc1,[4]
SECBIM,c1cc(-c2ccncc2)ccn1,[2]
SECCIN,N=C(N)N,[4]
SECGAJ,CCCCCN,"[13, 3]"
SEDPUO,CN(C)C,[6]
SEDQUQ,CC(N)c1ccccc1,[1]
SEDRAX,CC(N)c1ccccc1,[1]
SEGCOX,Nc1ncnc2nc[nH]c12,[4]
SEHVOQ,NCCN,"[12, 1]"
SEHWOR,c1ccnnc1,[1]
SEHXAE,c1cncnc1,[1]
SEHXUY,c1cnccn1,[1]
SEMCIX,NC1CN2CCC1CC2,[]
SEMCOD,NC1CN2CCC1CC2,[]
SEMCUJ,NC1CN2CCC1CC2,[]
SEMDAQ,NC1CN2CCC1CC2,[]
SEMGOG,CN(C)C,[6]
SEMQEH,CCc1cccc(C)c1N,[1]
SENHAW,Cc1ncc[nH]1,[]
SENMUW,CNC,[11]
SENNAD,CNC,[11]
SENQAE,NCCN,[1]
SENQIM,NC1CN2CCC1CC2,[]
SETDOL,N=C(N)N,[]
SETDUR,c1c[nH]cn1,[]
SETJOQ,NCCN,[1]
SEVHEH,C1CNCCN1,"[12, 1]"
SEYQAO,NCCCN,[4]
SEYQIW,CCCN,[4]
SIBFIT,CNC,[5]
SIBLAQ,NCCNCCN,[1]
SIBMUM,CCN1CCCC1CN,[1]
SICGUJ,c1ccc(N2CCNCC2)cc1,[1]
SICKOE,CCN(CC)CC,[1]
SIDSIH,c1cnccn1,[]
SIDSUU,NCCCCN,[6]
SIDTAB,C1CNCCN1,[6]
SIDTEF,C1CNCCN1,[6]
SIDTIJ,C1CN2CCN1CC2,[6]
SIHGAS,NCCN,[0]
SIHGEW,NCCN,[0]
SIHLUQ,NC1CCCCC1,[1]
SIHQEF,CN(C)CCCCN(C)C,[4]
SIHQIJ,N=C(N)N,[4]
SIHQOP,NCCCCCN,[4]
SIKZUH,N=C(N)N,[15]
SILMAC,N=C(N)Nc1nc2ccccc2[nH]1,[1]
SILXER,NCCN,[2]
SIMKEH,Cc1cc(C)nc(N)c1,[4]
SIMKIL,CN(C)c1ccncc1,[4]
SINJOP,C1CNCCN1,"[0, 1]"
SINQAH,N=C(N)N,[1]
SINQEL,N=C(N)N,[1]
SINQIP,N=C(N)N,[1]
SINVAM,NCCN,[1]
SIPZIA,c1ccncc1,[1]
SIPZOG,c1ccncc1,[1]
SIPZUM,c1c[nH]cn1,[1]
SIQBAV,c1c[nH]cn1,[1]
SIQDUR,NCCCN,[1]
SIQFAZ,NCCCN,[1]
SIQFED,CNCCN,[1]
SIQFIH,NCCCN,[1]
SIQFUT,CN(C)CCN(C)C,[1]
SIRBIG,CCN,[7]
SISPOA,N=C(N)N,[2]
SISPUG,c1cc(-c2ccncc2)ccn1,[2]
SIWHUD,c1ccncc1,[]
SIWKEP,C1CN2CCN1CC2,[]
SIWTUO,NCCN,[1]
SIYGAJ,NCCNCCNCCN,[1]
SIZZEJ,CNC,[]
SIZZIN,CNC,[]
SOBSUY,NCCN,"[14, 12]"
SOCNII,Nc1ncccn1,[]
SOCWIS,NCCNCCCNCCN,[0]
SOCWOY,NCCNCCCNCCN,[0]
SOGRIQ,NCCN,[1]
SOMROB,N=C(N)N,[1]
SOPXAX,NCCCCN,[]
SOQCAD,N=CN,[7]
SOQJIT,C1CNCCN1,[1]
SOQJOZ,C1CNCCN1,[1]
SOQKAM,C1CNCCN1,[1]
SOSYUW,c1cc(-c2ccncc2)ccn1,[1]
SOTBIM,C1CN2CCN1CC2,[1]
SOYCIV,CNC,[1]
SOYDAO,c1ccc(CN(Cc2ccccn2)c2nc(N(Cc3ccccn3)Cc3ccccn3)nc(N(Cc3ccccn3)Cc3ccccn3)n2)nc1,[10]
SOYDES,c1ccc(CN(Cc2ccccn2)c2nc(N(Cc3ccccn3)Cc3ccccn3)nc(N(Cc3ccccn3)Cc3ccccn3)n2)nc1,[10]
SOYYEL,NCCN,[1]
SUDGAC,C1N2CN3CN1CN(C2)C3,[]
SUDGIK,Nc1ccncc1,[]
SUDGOQ,Nc1ccncc1,[]
SUDGUW,Nc1ccncc1,[]
SUFGEI,c1cc(-c2ccncc2)ccn1,[4]
SUJYOL,CC(C)(C)N,[]
SUKMET,N=C(N)N,[8]
SULMEU,CCN1CCNCC1,[2]
SUMNUM,Nc1ccccn1,[10]
SUMVON,Nc1nc(N)nc(N)n1,[1]
SUMVUT,Nc1nc(N)nc(N)n1,[1]
SUPCUD,c1ccncc1,[1]
SUPTUU,c1cc(-c2cc(-c3ccncc3)c(-c3ccncc3)cc2-c2ccncc2)ccn1,[]
SURBIR,CNC,[]
SURBUD,CNC,[]
SUSXIO,c1c[nH]c(-c2ncc[nH]2)n1,[1]
SUVQOS,c1ccc2[nH]cnc2c1,[6]
SUWZUH,C1CNCCN1,[1]
SUXHAU,NCCN,[1]
SUXNIJ,NC1CCCCC1,[0]
SUXSEK,NCCN,[1]
SUXXIS,c1cnc2c(c1)ccc1cccnc12,[10]
TACFIN,NCCN,[1]
TADDIL,NCCNCCN,[]
TAFPOG,CC(N)CN,"[4, 1]"
TAFPUM,C1CNCCN1,[]
TAFROI,CN(C)CCN(C)C,"[14, 12]"
TAHHIU,CCNCC,[8]
TAKDEQ,c1ccncc1,[4]
TAMVUB,CC(C)NC(C)C,[4]
TANDUJ,c1cn(Cc2ccc(Cn3ccnc3)cc2)cn1,[1]
TANFEV,NCCN,[1]
TANKUQ,CNC,[2]
TANLAX,CNC,[2]
TATQEL,NC1CCC(N)CC1,[1]
TAVQEN,CNC,[1]
TAWHOO,NCCCN,[1]
TAWSUI,CC(CCN(C)C)N(C)C,[0]
TAXJAF,NCCCCCN,[1]
TAXREQ,C1CN2CCN1CC2,[2]
TAYVEX,CC1CNCC(C)N1,[1]
TAYVIB,C1CNCCN1,[1]
TAYVOH,CCN1CCNCC1,[1]
TAYZUQ,CN,[7]
TAZBUT,CN,[7]
TBUAMW,CC(C)(C)N,[]
TEDJES,NCCCCCCN,[1]
TEJHUN,C1CN2CCN1CC2,[2]
TEJJAV,C1CN2CCN1CC2,[2]
TEJJEZ,C1CNCCN1,[2]
TENXOB,c1c[nH]c(-c2ncc[nH]2)n1,[]
TEPTAL,C1CNCCN1,[2]
TEQCAT,CC(C)(C)N,[]
TERQUD,NCCCN,[2]
TESQEN,NCCNCCN,[4]
TESWIY,C1CNCCN1,[3]
TESWUK,NCCN,[3]
TESXAR,NCCN,[3]
TESXEV,NCCN,[3]
TESXIZ,C1CNCCN1,[3]
TETTUJ,NCCN,[1]
TETVAR,NCCN,[]
TETVEV,NCCN,[1]
TETVIZ,NCCN,[1]
TETWEW,NCCN,[1]
TETYAS,NCCCCCCN,[]
TETZEX,NC1CCCCC1,[1]
TEWCOO,NCCN,[2]
TEWFAD,c1c[nH]cn1,[0]
TEWFEH,Cc1ncc[nH]1,[0]
TEXSEV,NCCN,[0]
TEYCOR,N=C(N)N,[15]
TEYCUX,N=C(N)N,[15]
TEYDAE,N=C(N)N,[15]
TEYDIM,N=C(N)N,[15]
TEYDOS,N=C(N)N,[15]
TEYDUY,N=C(N)N,[15]
TEYFAG,N=C(N)N,[15]
TEYJIR,CC(C)N,[]
TICDEQ,c1cn(CCCn2ccnc2)cn1,[1]
TICLEZ,CNC,[0]
TIDQIG,NCCN,[1]
TIFYAK,c1cc(-c2ccncc2)ccn1,[1]
TIFZIR,C1CCNCC1,[0]
TIGCOC,c1cn(CCCCn2ccnc2)cn1,[]
TIGQOR,NC1CCCCC1N,[1]
TIKHIH,c1cc(-c2ccncc2)ccn1,[10]
TIKLOP,c1cc(CCc2ccncc2)ccn1,[4]
TIKLUV,C(=Cc1ccncc1)c1ccncc1,[4]
TIKMAC,N=C(N)c1ccc(C(=N)N)cc1,[4]
TIKMEG,Nc1cccc(N)c1,[4]
TIKMIK,Nc1ccc(N)cc1,[4]
TIKQAI,NCCCNCCNCCCN,"[14, 12]"
TIKQEM,NCCNCCN,"[14, 12]"
TIKQIQ,CCNCCCN,"[14, 12]"
TILPUA,NCCCCCCN,[0]
TIMDAX,NCCN,[1]
TIMFAX,N=CN,[]
TIMFEB,N=CN,[2]
TINJIM,NCCN,[1]
TINJOS,c1cc(CCCc2ccncc2)ccn1,[1]
TINJUY,c1cc(CCCc2ccncc2)ccn1,[1]
TIPMUB,NCCCCCCCCCCN,[13]
TIPNAI,NCCCCCCCCCCN,[13]
TIPNEM,CCCCCCCCN,[13]
TIQFIJ,CN(C)CCCN(C)C,"[4, 1]"
TIQPUF,c1cc(-c2ccncc2)ccn1,[6]
TIQXUO,CNC,[4]
TIQYAV,CNC,[4]
TIRYOK,NCCCN,[]
TITLAL,c1ccc(-c2nnn[nH]2)cc1,[1]
TIVSOH,NCCCCCCN,[1]
TIXMET,NCC1CCCC(CN)C1,"[0, 1]"
TIXMIX,NCC1CCCC(CN)C1,[0]
TIYKUJ,C1CNCCN1,[13]
TIYLAQ,C1CNCCN1,[13]
TIZGOA,C1CN2CCN1CC2,[1]
TMACWO,CN(C)C,[]
TOBLEC,c1cn(Cc2ccc(Cn3ccnc3)cc2)cn1,[1]
TOBQIN,NCCN,"[14, 12]"
TOCZOA,NC1CCCCC1,[1]
TOCZUG,NC1CCCCC1,[1]
TODBET,CC(N)CN,[1]
TODPAD,NCCCCN,[]
TOGKOP,CCN(CC)CC,[1]
TOGKUV,CCN(CC)CC,[6]
TOHLUA,NCCCCN,[0]
TOHSUG,c1cc(-c2ccncc2)ccn1,[]
TOHTAM,NCCNCCN,[]
TOHTEQ,NCCCCCCCN,[]
TOJYOH,N=C1C=CC(=C(c2ccc(N)cc2)c2ccc(N)cc2)C=C1,[12]
TOJYUN,CC1=CC(=C(c2ccc(N)c(C)c2)c2ccc(N)c(C)c2)C=CC1=N,[5]
TONDAC,c1cc(-c2ccncc2)ccn1,[1]
TONROF,c1c[nH]cn1,"[0, 8]"
TOQCAD,CN,[1]
TOQCIL,CN(C)C,[1]
TOQLAP,NCCCN1CCN(CCCN)CC1,"[2, 4]"
TOQLET,CCN(CC)CCCN,"[2, 4]"
TORWED,c1cc(-c2ccncc2)ccn1,[1]
TOVJAP,NCCN,[1]
TOWLAU,CN(C)CCCN,[1]
TOWLEY,CNCCCNC,[1]
TOYKEA,CNC,[7]
TOZDOB,NC1CCCCCC1,[1]
TOZFIX,C1CN2CCC1CC2,[1]
TUCKEI,c1cn(Cc2ccc(Cn3ccnc3)cc2)cn1,[]
TUCKOS,c1cn(Cc2ccc(Cn3ccnc3)cc2)cn1,[]
TUFQUJ,CN1CCCN(C)CCN(C)CCCN(C)CC1,[]
TUKDUZ,CNC,[1]
TULROJ,CNC,[13]
TULRUP,NCCNCCN,[13]
TULSAW,CNC,[13]
TULSEA,CNC,"[13, 3]"
TULSIE,CCNCC,[13]
TULSOK,CNC,"[13, 3]"
TUMTOK,C1CN2CCN1CC2,[1]
TUMWUT,CCCCN(CCCC)CCCC,[10]
TURXIN,NCCN1CCNCC1,[1]
TURXOT,NCCN1CCNCC1,[1]
TUWFUN,NCCCCCCN,[1]
TUXBAQ,NCCNCCN,[1]
TUYLIJ,CNCCCN,[1]
UBEPOG,CN,[]
UBEPUM,NCCCN,[1]
UCEWAA,C1CNCCN1,[6]
UCEWEE,C1CNCCN1,[1]
UCEWII,C1CNCCN1,"[6, 4]"
UCOSEM,Nc1ccc(N)cc1,[1]
UCOSIQ,Cc1c(C)c(N)c(C)c(C)c1N,[5]
UCUDIF,C1CN2CCN1CC2,[6]
UDEZIP,C1CNCCN1,[1]
UDEZOV,c1cc(-c2ccncc2)ccn1,[1]
UDEZUB,c1cc(-c2ccncc2)ccn1,[1]
UDICUG,CNC,[1]
UDIDAN,CNC,[1]
UDIJEX,Nc1ncnc2[nH]cnc12,[4]
UDIJIB,Nc1ncnc2nc[nH]c12,[4]
UDIJOH,Nc1ncnc2nc[nH]c12,[4]
UDOJAY,C1CNCCN1,[1]
UDUVIB,C1CN2CCN1CC2,[4]
UFITEJ,CCCN,[4]
UFITIN,CNC,[4]
UFITOT,CN(C)C,[4]
UFUNER,CCCN(CCC)CCC,[10]
UGAFIT,CC(N)c1ccccc1,[2]
UGELIB,NC1CCCC1,[1]
UGEZOW,c1cc(-c2ccncc2)ccn1,[1]
UGIGAS,NCCN,[1]
UGISAE01,CC(N)CN,[1]
UGIVIR,Cc1ncc[nH]1,[4]
UGOZAT,C1CN2CCN1CC2,[13]
UGUFEH,CC(C)(C)N,[]
UGUPER,NCCCCCCN,[]
UJEGUN,C1CNCCNC1,[1]
UJEJAW,NCCN,"[14, 12]"
UJEJEA,Nc1ccncc1,[1]
UJIREL,c1c[nH]cn1,[12]
UKETOT,CCN(CC)CC,[1]
UKUPOF,NCCCCN,[]
UKUTIE,CNC,[1]
ULAFIW,C1CNCCN1,[3]
ULAFOC,C1CN2CCN1CC2,[3]
ULAHEV,CNC,[1]
ULEFAS,C1CN2CCN1CC2,[6]
ULESIN,NCCN,[1]
ULOCED,NC1CCC(N)CC1,[]
ULOLUC,c1ccc2[nH]nnc2c1,[1]
UMEVUD,CC(N)CN,[1]
UNABUI,NCCCN,[2]
UNEQIP,C1CCNC1,[6]
UNEQOV,C1CCNC1,[1]
UNERUB,NCCN,[1]
UNOBUV,NCCCN,[2]
UPETIT,c1ccc2[nH]cnc2c1,[4]
UPETOZ,Nc1nc2ccccc2[nH]1,[4]
UPETUF,Cc1nc2ccccc2[nH]1,[4]
UPEVAN,Cc1ccc2nc[nH]c2c1,[4]
UPEVIV,c1ccc2[nH]cnc2c1,[4]
UPEVOB,c1ccc2[nH]cnc2c1,[4]
UPEXOE,CCCN,[4]
UPORAU,CCC1=C(CC)c2nc1c1[nH]c(c(CC)c1CC)c1[nH]c(c(CC)c1CC)c1[nH]c(c3nc(c4[nH]c(c(CC)c4CC)c4[nH]c(c(CC)c4CC)c4[nH]c2c(CC)c4CC)C(CC)=C3CC)c(CC)c1CC,[5]
UQUDIV,CC(CN)CCCN,[]
UQUXIP,CCC1(CC)c2ccc([nH]2)CN(C)Cc2ccc([nH]2)C(CC)(CC)c2ccc([nH]2)CN(C)Cc2ccc1[nH]2,[]
UQUXOV,CCC1(CC)c2ccc([nH]2)CN(C)Cc2ccc([nH]2)C(CC)(CC)c2ccc([nH]2)CN(C)Cc2ccc1[nH]2,[]
URIRAP,c1cn(CCCCn2ccnc2)cn1,[]
USAKEG,c1cc(-c2ccncc2)ccn1,[2]
USAKOQ,CNC,[2]
USUWUC,C1CCC2=NCCCN2CC1,[4]
UTEBAX,C1CNCCN1,[6]
UTEBEB,C1CNCCN1,[6]
UTULIF,CCN,[0]
UTUNAZ,CNCCCNC,"[14, 12]"
UWOFET,N=C(N)NN,[4]
UXEDEH,CN,[7]
UXEDIL,N=CN,[7]
UXEDOR,N=C(N)N,[7]
UXEDUX,c1c[nH]cn1,[7]
UXEFAF,CCN,[7]
UXIHEQ,c1cnc2c(c1)ccc1cccnc12,[10]
UXINAR,NCCN1CCNCC1,[0]
UXINEV,NCCN(CCN)CCN,[0]
UZIFOZ,C1CNCCN1,[1]
UZIHAN,NCCN,[4]
VABFEJ,NCCN,[1]
VACFAJ,c1nc[nH]n1,[1]
VACGEO,CC(N)CN,[1]
VACWUS,NCCNCCNCCNCCN,[1]
VADZAC,NCCN,"[2, 1]"
VAFJER,CC(C)N,[7]
VAFWAB,N=C(N)NN,[0]
VAGJOD,NCCCN,[2]
VAGJUJ,NCCCN,[2]
VAGYUZ,CNC,[]
VAGZAG,c1ccncc1,[]
VAGZEK,CNC,[]
VAGZIO,CC(C)N,[]
VAGZUA,NC1CCCCC1,[]
VAHBAJ,CC(C)(C)N,[]
VAHDUE,CC1CNCCN1,"[4, 1]"
VAHFAM,CC1CNCCN1,"[4, 1]"
VAHHIW,CN(C)CCN(C)C,[1]
VAHHUI,NCCN,[4]
VAHJAQ,C1CNCCN1,[4]
VAHJEU,C1CN2CCN1CC2,[4]
VAHJIY,C1CNCCN1,[4]
VAHSED,C1CNCCNCCCNCCNC1,[1]
VAHSON,NCCCCN,[1]
VAHSUT,NCCCCN,[1]
VAHTAA,NCCCCCN,[1]
VAHVIK,C1CN2CCN1CC2,[1]
VAHVOQ,C1CN2CCN1CC2,[1]
VAHWUY,c1cn(-c2ccc(-n3ccnc3)cc2)cn1,[4]
VAHXAF,c1cn(-c2ccc(-n3ccnc3)cc2)cn1,[4]
VAHXEJ,c1cn(-c2ccc(-n3ccnc3)cc2)cn1,[4]
VAJLAU,CCn1ccnc1N=Nc1ccc(C)cc1,[]
VAJLEY,CCn1ccnc1N=Nc1ccc(C)cc1,[]
VAMQIJ,N=C(N)N,[1]
VAMQIK,CC(N)CN,[]
VANWIQ,NCCN,[6]
VANXUD,NCCN,[1]
VAPHOM,CN(C)N,[0]
VAPHUS,C1CNCCNCCCNCCNC1,[]
VAPNOQ,NCCN,[2]
VAPNUW,N=C(N)N,[2]
VAPPAE,NCCNCCN,[2]
VAPPIM,NCCN,[2]
VAQPIM,CC(C)(C)N,[5]
VARHAZ,C1CN2CCN1CC2,[]
VASBUO,C1CNCCN1,[]
VASYAR,NCCN,[1]
VATWOE,c1cnccn1,"[14, 12]"
VAVDUU,c1ccncc1,[20]
VAVFOQ,c1ccncc1,[20]
VAVGAD,c1ccncc1,[20]
VAVHEI,c1ccncc1,[20]
VAWKAF,C1CN2CCC1CC2,[]
VAWKEJ,C1CN2CCC1CC2,[]
VAWXOH,NCCCN,"[12, 1]"
VAWXUN,NCCN,"[12, 1]"
VAXLOY,c1c[nH]c(-c2ncc[nH]2)n1,[6]
VAZFIM,Cc1cc(C)[nH]n1,[]
VAZWID,NCCN,[1]
VECKOF,c1cc2cc(c1)CNCCN1CCNCc3cccc(c3)CNCCN(CCNC2)CCNCc2cccc(c2)CNCC1,[]
VECZAE,NCCCN,[]
VEDNIE,c1ccncc1,[1]
VEDWUX,NCCN,[]
VEFKID,c1cn(Cc2ccc(Cn3ccnc3)cc2)cn1,[1]
VEGPUV,c1cn(Cc2ccc(Cn3ccnc3)cc2)cn1,[]
VEGXAH,NCCN,[1]
VEHLAW,CN(C)C,[0]
VEHLEA,CNC,[0]
VEHQOQ,C1=CNCN1,[1]
VEHWEM,CNC,"[5, 8]"
VEKWAJ,NCCNCCN,[]
VEKZET,c1cc(-c2ccncc2)ccn1,[]
VENRAI,CN(C)CCN(C)C,[]
VEQFAB,NCCN(CCN)CCN,[]
VEQYUM,NC12CC3CC(CC(C3)C1)C2,[1]
VERMUA,NCCN,[1]
VETGAF,c1cc(-c2ccncc2)ccn1,[4]
VETGEJ,c1cnc2c(c1)ccc1cccnc12,[4]
VETGIN,Nc1ccncc1,[4]
VEVQOD,C1CCC2=NCCCN2CC1,[]
VEVQUJ,C1CCC2=NCCCN2CC1,[]
VEWFIP,Nc1ncnc2[nH]cnc12,[]
VEXBAC,NCCN,[1]
VEXBEG,c1ccncc1,[]
VEYJIV,c1cn(CCCCn2ccnc2)cn1,[6]
VEYQUN,NCCCN,[]
VEYTEZ,NC1CCCCC1N,[1]
VEZJAN,NCCNCCN,"[14, 12]"
VEZQAT,CNC,[1]
VEZQEX,NCCNCCNCCN,[1]
VIDHAU,CCNCC,[]
VIFJUR,NCCN,[5]
VIFTOW,Cc1ccc2ccc3ccc(C)nc3c2n1,[4]
VIJDEY,CNC,"[5, 8]"
VIJDIC,CNC,"[5, 8]"
VIJSAI,c1cc(-c2ccncc2)ccn1,[10]
VILDUP,CCN(CC)CC,[7]
VILWOD,c1ccncc1,[20]
VINROZ,CN,[7]
VIPRET,NCCN(CCN)CCN,[]
VIPWUO,NC1CCCCC1,[4]
VIQZON,c1ccc2c(c1)nnn2-c1ccc(-n2nnc3ccccc32)cc1,[1]
VIRJEM,CNCCNC,[7]
VIRJIQ,CNCCNC,[7]
VIRKIQ,NC1CCC(N)CC1,"[4, 1]"
VIRQAO,NCCN,"[4, 1]"
VIRQES,NCCN,"[4, 1]"
VISFUB,c1ncn(-c2ccc(-c3ccc(-n4cncn4)cc3)cc2)n1,[1]
VOBDUO,c1cncc(CNc2cccnc2)c1,[]
VOBXAM,c1c[nH]cn1,[]
VOCFAW,CNC,[]
VOFQUC,C1CNCCN1,[5]
VOFYAQ,C1CNCCN1,[]
VOHQEO,c1ccncc1,[1]
VOHQIS,c1ccncc1,[1]
VOJQOC,NCCCN,"[14, 12]"
VOKJIQ,CCCN,[1]
VOKWUQ,c1ccncc1,[]
VONHUE,NCCN,[1]
VONXUS,c1cc(-c2ccncc2)ccn1,[]
VOPLUJ,C1N2CN3CN1CN(C2)C3,[]
VORZAG,Cc1cc(-c2ccc(N)c(C)c2)ccc1N,[]
VOXVEL,c1cc(-c2ccncc2)ccn1,[1]
VOXVIP,c1ccc(-c2ccccn2)nc1,[1]
VOYCIV,CCCCNCCCC,[5]
VOZBIX,c1cc(-c2ccncc2)ccn1,[1]
VUCBIG,N=C(N)N,[]
VUCTOE,C1CNCCN1,"[4, 1]"
VUCTUK,C1CNCCN1,"[4, 1]"
VUFBEE,C1CNCCN1,[1]
VUFFOU,NCC1CCNCC1,[5]
VUJPOI,CCCCCCCN,[0]
VULREA,NCCN,"[0, 4]"
VULVII,CNC,[4]
VUQLEZ,CNC,[2]
VURREG,CC1CC(C)(C)NCCNC(C)CC(C)(C)NCCN1,[]
VUVLOP,N#CN1CCNCC1,"[14, 12]"
VUVXER,Nc1ncccn1,[5]
VUVXIV,Nc1ncccn1,[5]
VUXJED,NCCc1c[nH]cn1,[2]
VUYHIH,NCCNCCN,[2]
WABHIR,NCCN,[2]
WABJAM,CNC,[7]
WABVIF,N=C(N)N,[15]
WABVOL,N=C(N)N,[15]
WABVUR,N=C(N)N,[15]
WABWAY,N=C(N)N,[15]
WABWEC,N=C(N)N,[15]
WACKOB,NCCN,[1]
WADJIV,c1ccc2ncccc2c1,[]
WADKOC,N=C(N)N,[]
WAFDEN,NC12CC3CC(CC(C3)C1)C2,[6]
WAJJUN,N=C(N)N,[2]
WAJKEY,N=C(N)N,[2]
WAJKOI,N=C(N)N,[2]
WAKBIV,CNC,[1]
WAQJEE,NC1CCC(N)CC1,[2]
WAQJII,NC1CCC(N)CC1,[2]
WAQJOO,CC(N)CN,[2]
WAQJUU,CC1CNCCN1,[2]
WAQKAB,CCNCCNCC,[2]
WAQKEF,NCCCN,[2]
WAQVOZ,N=C(N)N,"[15, 15]"
WARTAL,NCCN,[4]
WASCID,CCCCCCN,[1]
WASDEC,c1ccc2[nH]cnc2c1,[1]
WASWUJ,Nc1ccccn1,[]
WAVBUQ,NCCN,[1]
WAVQUF,NCCN,[1]
WAVREQ,NCCNCCN,[1]
WAXQUJ,Cc1ccncc1,[1]
WEBQEB,CN,[1]
WEBQIF,CN,[1]
WEBQOL,NCCCN,[1]
WEBROK,NCCN,[1]
WECBEN,CC(C)NC(C)C,[4]
WECBIR,CC(C)NC(C)C,[4]
WECBOX,CN(C)CCCN,"[4, 1]"
WECJOD,NCCCN,"[4, 1]"
WEFWIO,c1c[nH]cn1,[10]
WEGJUP,C1CNCCN1,[1]
WEJDIZ,CN(C)C,[27]
WEJMII,NCCN,[1]
WEJNOP,Nc1ccncc1,[]
WEMBOG,NCCN,[]
WEMLIM,Nc1ccncc1,[5]
WEMLOS,Nc1ccncc1,[5]
WEMLUY,Nc1ccncc1,[5]
WEMMEJ,Nc1ccncc1,[5]
WEPCIG,Nc1nnc[nH]1,[]
WEPHOR,CN,[7]
WEPJAF,CNC,[7]
WEPJIN,CCN,[7]
WEPJUZ,CCNCC,[7]
WERHAC,CN,[1]
WETZUQ,CC(N)CN,[1]
WEVNET,c1ccncc1,[5]
WEWLIW,CCCNCCC,[]
WEWMUJ,CCCCNCCCC,[4]
WEXQOF,C1CN2CCN1CC2,[1]
WEXQUL,c1c[nH]cn1,[1]
WEXYUV,c1c[nH]cn1,[]
WEYFIQ,C1CNCCN1,"[6, 1]"
WEZDEM,NCCNCCN,[1]
WEZQOJ,N=C(N)N,[3]
WEZREZ,C1CN2CCN1CC2,[]
WEZYEG,c1cc(-c2ccncc2)ccn1,[6]
WEZYIK,c1cc(-c2ccncc2)ccn1,[6]
WEZYOQ,c1cc(-c2ccncc2)ccn1,[6]
WEZZAC,c1ccncc1,[6]
WIBCAN,c1c[nH]cn1,[1]
WIDMOL,C1CCNCC1,[]
WIFVEN,C1CN2CCN1CC2,[]
WIFVIR,C1CN2CCN1CC2,[]
WIGDOH,NCCN1CCNCC1,[]
WIHNAD,N=C(N)N,[]
WIHSEN,N=CN,[7]
WIHSUD,N=CN,[7]
WIHTAK,N=CN,[7]
WIHTEO,N=CN,[7]
WIHTIS,N=CN,[7]
WIJDUP,c1cc(-c2ccncc2)ccn1,[26]
WIJFAY,NCCNCCNCCNCCN,"[14, 12]"
WIJFEC,NCCNCCNCCN,"[14, 12]"
WIJFIG,NCCNCCNCCN,"[14, 12]"
WIJLIK,c1c[nH]cn1,"[12, 1]"
WIJTOY,CC1CNCCN1,"[4, 1]"
WILWUK,NCc1ccccc1,[]
WIMZAV,CC(C)(C)CC(C)(C)N,[0]
WINDIG,NCCN(CCN)CCN,[]
WINFOP,c1cc(Cn2ccnc2-c2nccn2Cc2ccncc2)ccn1,[]
WIPDEF,NCCN(CCN)CCN,[1]
WISCEI,Nc1ccncc1,[5]
WISWED,Cc1ccncc1,[0]
WISWON,Cc1ncc[nH]1,[0]
WISWUT,Cn1ccnc1,[0]
WISXAA,Cc1cnc[nH]1,"[0, 4]"
WITJAN,CNC,[5]
WIVZOS,NCCNCCNCCN,"[14, 12]"
WIWPAV,CC(N)c1ccccc1,[2]
WIWPEZ,CC(N)c1ccccc1,[2]
WIWPID,CC(N)c1ccccc1,[2]
WIWPOJ,CC(N)c1ccccc1,[2]
WIXDIR,NCCN,[]
WIXDOX,c1c[nH]cn1,[]
WIXRUQ,C1CNCCN1,[1]
WIXVEH,CCCNCCC,[8]
WOBFAW,CC(C)NC(C)C,[4]
WOBFEA,CC(C)NC(C)C,[4]
WOBFOK,N=C(N)N,[4]
WOBVUE,CC(C)(CN)CN,[]
WOCJII,C1CN2CCN1CC2,[4]
WOCJOO,C1CN2CCN1CC2,[4]
WOCJUU,C1CN2CCN1CC2,[4]
WOCKAB,C1CN2CCN1CC2,[4]
WOCLIJ,NCCCCCN,[1]
WOCNEH,NCCN,[]
WODFIH,NCCN,[4]
WODPIO,NCCNCCNCCN,[1]
WOFKOS,N=C(N)N,[6]
WOFVOE,NCCN,[13]
WOFVUK,N=C(N)N,[13]
WOFWAR,CC(C)(C)N,[13]
WOFWEV,N=C(N)N,[13]
WOGDIH,CCN(CC)CC,[]
WOGDII,CNC,[2]
WOGDOO,CNC,[2]
WOGHOP,NCCCN1CCN(CCCN)CC1,"[4, 1]"
WOGHUV,C1CNCCN1,[1]
WOGKUY,CN,[6]
WOGLAF,CN,[1]
WOJQOD,N=C(N)N,[6]
WONRUM,NCCN,[1]
WOPVUT,c1ccncc1,[30]
WOPWAA,c1cc(-c2ccncc2)ccn1,[30]
WOQFOX,NCCN,[12]
WOQLUL,CN(C)CCN,[0]
WOQYUW,C1CNCCN1,"[4, 1]"
WORJOF,Cc1cccc(C)c1N,[1]
WORJUL,Cc1cccc(C)c1N,[1]
WORKAS,Cc1cccc(C)c1N,[1]
WOSBOV,C1CNCCN1,"[12, 1]"
WOSBUB,C1CNCCN1,"[12, 1]"
WOSMUO,NCCCN,[7]
WOVSUX,c1ccc2[nH]cnc2c1,[]
WOVVUB,Nc1ccccc1,[3]
WOVWEM,Cc1cccc(N)c1,[3]
WOWGUK,NCCCCCCN,[1]
WOXRIK,C1CNCCN1,[1]
WOXROQ,NCCN,[1]
WOXSAD,C1CCCNCC1,[1]
WOYHID,CCN(CC)CCN,[5]
WOYJID,NCCN,[1]
WOYJOJ,NCCCN,[1]
WOYPUX,CNC,[]
WOYXIT,CNC,[]
WOYXOZ,CNC,[]
WOYYAM,CNC,[26]
WOZLAY,c1ccncc1,[1]
WOZLEC,c1ccncc1,[1]
WUCROB,C1CN2CCN1CC2,[]
WUDBUU,c1ncn(CCCCCCn2cncn2)n1,[1]
WUDCAB,c1cn(CCCCCCn2ccnc2)cn1,[1]
WUDCEF,c1cn(CCCCCCn2ccnc2)cn1,[1]
WUDCIJ,c1cn(CCCCCCn2ccnc2)cn1,[1]
WUDYAV,NCCCN1CCN(CCCN)CC1,[1]
WUFBOR,c1cc(CCCc2ccncc2)ccn1,[1]
WUGCAC,C1CNCCN1,[1]
WUGFEJ,NCCCCCCN,[]
WUJHUF,c1cc(-c2ccncc2)ccn1,[]
WUKBIN,NCCN,[1]
WUKYUW,C1CCNC1,[]
WULPAV,CNC,[5]
WULQIF,CN(C)c1ccncc1,[]
WULQOL,CCNCC,[]
WUNJOE,C1CNCCN(CCN(CCN2CCNCCNCCNCC2)CCN2CCNCCNCCNCC2)CCNCCN1,[17]
WURNUS,C1CNCCN1,[2]
WURPAA,CC1CNCCN1,[2]
WURPEE,C1CN2CCN1CC2,[2]
WUSGIC,CN(C)CCCNCCCN(C)C,"[4, 1]"
WUSGOI,C1CNCCNC1,"[4, 1]"
WUTVUC,NCCN(CCN)CCN,[4]
WUWZOD,C1CN2CCN1CC2,"[12, 1]"
WUXMAD,CNCCN,[1]
WUXMEH,NCCCN,[1]
WUXMIL,CN(C)CCN,[1]
WUXRIR,CNC,[1]
WUXROX,CNC,[1]
WUZPUD,C(=Cc1ccncc1)c1ccncc1,[]
XABGUD,C1CNCCNC1,[1]
XABHAK,C1CNCCNC1,[1]
XABHEO,C1CNCCNC1,[1]
XACHUG,c1ccc2ncccc2c1,[1]
XACJAO,c1ccc2ncccc2c1,[1]
XACLOF,CCN,[7]
XACLUL,CCNCC,[7]
XACPEW,C1CNCCN1,"[4, 1]"
XACPOG,NCCN,[1]
XACPUM,NCCN,[1]
XACQAT,NCCCCN,[1]
XACQEX,N=C(N)N,[1]
XACQIB,C1CNCCN1,"[6, 4]"
XACQOH,C1CNCCN1,"[4, 1]"
XACTOK,C1CNCCN1,[2]
XAGLEY,Nc1ccccn1,[6]
XAGYUC,NCCN,"[14, 12]"
XAHWUZ,C1CNCCN1,[1]
XAJHUL,c1ccncc1,[1]
XAJJAT,c1c[nH]cn1,[1]
XAJZOY,CN(C)CCCCCCN(C)C,[1]
XAKBUH,CNCCCN,[1]
XAKCUH,NCCNCCNCCN,[1]
XAKDES,NCCNCCNCCN,[1]
XAKDIW,NCCNCCNCCN,[1]
XAKVEL,NCCN,[2]
XAKVUB,NCCN,[1]
XAMCUJ,N=C(N)N,[3]
XAPJOP,NCCN,[4]
XAPVIU,c1ccc(Nc2ccccn2)nc1,[]
XAQTEO,CC(N)CN,[1]
XAQTIS,CC(C)(N)CN,[1]
XAQTOY01,CC(N)CN,[1]
XAQYAP,N=C(N)N,[1]
XAVCUT,N=C(N)NN,[2]
XAVZEC,CC1CNCC(C)N1,"[4, 1]"
XAWBEE,NCCNCCN,[0]
XAWQAO,CCCN,[1]
XAXBAB,N=CN,[7]
XAXBEF,N=C(N)N,[7]
XAXJOX,NCCNCCN,[1]
XAXNUF,C1CNCCN1,[6]
XEBXOR,NCCN,[]
XEBXUX,NCCN,[]
XECJEW,CC1(N)CCC(N)C1(C)C,[1]
XECPAY,Nc1cccnc1,[4]
XEDGUI,NCCN,[]
XEDHIX,CN,[]
XEDWAF,N=C(N)N,[5]
XEHDEV,CCCCN,[0]
XEHZIW,CN(C)c1ccncc1,[]
XEJTUB,NCCN,[]
XEKZAQ,NCCN,[]
XELPEL,NCCN,[5]
XEMYUL,N=C(N)N,"[3, 4]"
XEMZIA,CCCCN,[13]
XENFEE,C1CNCCNC1,[17]
XENJAC,C1CNCCN1,[]
XENPIQ,CNC,[5]
XENYIA,C1CNCCN1,[2]
XEQFAB,CCNCC,[1]
XEQFEF,CCNCC,[1]
XESGIM,NCCCN,[1]
XESGOS,NCCCN,[1]
XESLIR,C1CNCCN1,[1]
XESZAX,C1CNCCN1,[1]
XETVOH,c1cc(-c2nc(-c3ccncc3)nc(-c3ccncc3)n2)ccn1,[]
XEVVEA,C1CN2CCN1CC2,"[0, 4]"
XEVVIE,NCCN(CCN)CCN,"[0, 4]"
XEVVUQ,NCCCNCCNCCCN,"[0, 4]"
XEVWAX,NCCN,"[0, 4]"
XEVWIF,N=C(N)N,[]
XEVWOL,N=C(N)N,[]
XEWZUU,c1ccc(Nc2ccccn2)nc1,[22]
XEXREX,NCCNCCN,[1]
XEXRUN,CN(C)CCN(C)C,[4]
XEXSAU,N=C(N)N,[4]
XIBFUM,Cc1ncc[nH]1,[]
XIBGAT,N=C(N)CCCC(=N)N,[]
XICCES,NCc1ccc(CN)cc1,[]
XICJUR,CNC,[7]
XICKEC,CCNCC,[7]
XICKOM,CN,[7]
XIFZEU,c1cc(CCCc2ccncc2)ccn1,[1]
XIFZIY,c1cc(CCCc2ccncc2)ccn1,[1]
XIFZOE,c1cc(CCCc2ccncc2)ccn1,[1]
XIGFAU,C1CNCCN1,[3]
XIHFEC,CNC,[3]
XIHFIG,CNC,[3]
XIHFOM,CNC,[3]
XIHFUS,CNC,[3]
XIHGAZ,CNC,[3]
XIHGED,CNC,[3]
XINBAA,Nc1ccccc1,[6]
XIQHIO,NCCN,[1]
XIRLER,CNC,[]
XIRYAZ,N=C(N)N,[]
XISGUB,NCCN,[]
XISKUF,NCCCN,[1]
XISLAM,NCCCN,[1]
XISVON,c1ccc2[nH]cnc2c1,[1]
XISZUU,CN1CCN(C)CC1,[1]
XITZIK,c1cc(CCCc2ccncc2)ccn1,"[4, 1]"
XIVBIP,CCCNCCC,[4]
XIWKUJ,NCCN1CCNCC1,[1]
XIWLAQ,NCCN1CCNCC1,[1]
XIWNAU,c1c[nH]cn1,"[3, 8]"
XIWYEH,C1CNCCN1,[1]
XIWYIL,C1CN2CCN1CC2,[1]
XIYYEL,CNC,[4]
XIZCIS,NCCCCCCN,[1]
XIZHET,NCCN,[1]
XMOPYC10,c1ccncc1,[]
XOCLAD,NCCNCCN,[1]
XODXIZ,N=C(N)N,[7]
XODYIA,Nc1ccncc1,[]
XOGPAL,c1ccc(C2C(c3ccccn3)C(c3ccccn3)C2c2ccccn2)nc1,[]
XOGPEP,c1cc(C2C(c3ccncc3)C(c3ccncc3)C2c2ccncc2)ccn1,[]
XOGPIT,c1ccc(C2C(c3ccncc3)C(c3ccccn3)C2c2ccncc2)nc1,[]
XOJZIF,NCCN,"[4, 1]"
XOJZOL,N=C(N)N,"[4, 1]"
XOJZUR,Nc1ccncc1,[1]
XOKPEV,CNC,[11]
XOLMAM,c1c[nH]cn1,[10]
XOLXII,C1CN2CCC1C2,[]
XOLXOO,C1CN2CCC1C2,[]
XOPGOZ,Nc1nc(N)nc(N)n1,[4]
XORCAI,NCCN,[1]
XORDEN,NCCNCCNCCN,[1]
XOSPEB,NCCN,[0]
XOSPUQ,CNCCNC,[1]
XOSQOL,CNC,[1]
XOSQUR,CNC,[1]
XOTGUI,CC(N)CN,"[4, 7]"
XOTYEL,NCCN,[]
XOWKAV,NCCN,[1]
XOXHEX,NCCN,[1]
XOXHIB,NCCN,[1]
XOXKAW,NCCN,[1]
XOZZES,CC1CNCC(C)N1,[]
XOZZIW,CN1CCN(C)CC1,[]
XUCKAJ,N=C(N)N,[10]
XUDMIS,c1ccncc1,[]
XUGJIU,CNC,[10]
XUGMAO,CNC,[1]
XUGMES,CNC,[1]
XUGWAY,C1N2CN3CN1CN(C2)C3,[]
XUJCIP,NCCNCCN,[0]
XULNAU,NCCNCCN,"[12, 1]"
XULRIG,Cc1ncc[nH]1,[8]
XULROM,c1ccc(-c2ncc[nH]2)cc1,[8]
XUNLUP,NCCCCCCN,[]
XUPJUP,c1cc(CCCc2ccncc2)ccn1,[]
XUQWEL,C1CNCCN1,[2]
XUQWIP,NCCN,[2]
XURCIY,Nc1cccc(N)n1,[4]
XUSJAW,C1CN2CCN1CC2,[3]
XUSJEA,NCCN,[3]
XUVGUQ,NCCCCCCN,[1]
XUWSUD,NCCNCCN,[1]
XUWTAK,NCCNCCN,[1]
XUWTEO,NCCNCCN,[1]
XUWTIS,NC1CCC(N)CC1,[]
XUWYUK,NC1CCC(N)CC1,[6]
XUXHON,c1cc(-c2ccncc2)ccn1,[1]
XUYLAG,Cc1n[nH]c(C)c1Cc1c(C)n[nH]c1C,[]
XUYRAK,N=C(N)N,[]
XUZFII,C1CNCCN1,[2]
XUZMUB,CN(C)CCN(C)C,[]
YABTIG,CC1(N)CCC(N)C1(C)C,[2]
YABTOM,CC1(N)CCC(N)C1(C)C,[2]
YABTUS,CC1(N)CCC(N)C1(C)C,[2]
YABVAA,CC1(N)CCC(N)C1(C)C,[2]
YABVAB,NC1CCCCC1N,[]
YABVEE,CC1(N)CCC(N)C1(C)C,[2]
YABVII,CC1(N)CCC(N)C1(C)C,[2]
YADDEN,c1cc(-c2ccncc2)ccn1,[1]
YADFIS,CNC,[1]
YADWIL,Nc1ccnc2ncnn12,[4]
YAGRON,C1CN2CCN1CC2,[1]
YALPOS,CN(C)c1ccccc1,[1]
YANVIV,CNN,[7]
YANWAO,CNN,[7]
YANWOC,CNN,[7]
YANXIX,CNN,[7]
YAPLEH,Cc1cc2nc3ccc(N(C)C)cc3nc2cc1N,[]
YAPNUY,c1ccc(-c2ccccn2)nc1,[4]
YAQBUN,NCCN(CCN)CCN,[1]
YAQCAU,NCCCN,"[12, 1]"
YAQCEA,CC(CN)CCCN,[1]
YAQCIE,NCCN,[1]
YASJAF,NCCCCN,[]
YATQIV,c1c[nH]cn1,[]
YAXBAB,Nc1ccccn1,[1]
YEBKOG,CC(N)CN,[4]
YEBKUM,CC(N)CN,[4]
YEBLAT,NCCCN,[4]
YECPII,CN,[]
YECQUS,NCCN,[1]
YECTUX,CN,[5]
YEDDEQ,C1CNCCN1,[1]
YEDZOX,NCCCN,[]
YEFDUJ,NCc1ccccc1,[10]
YEGPIL,c1ccc2[nH]cnc2c1,[6]
YEGPOR,c1ccc2[nH]cnc2c1,[1]
YEGSEL,NCCCN1CCC1,[13]
YEGSOV,NCCCN1CCC1,[2]
YEGSUB,C1CNC1,[13]
YEGVAJ,CC(N)CN,[1]
YEHBOF,Nc1nc(N)nc(N)n1,[1]
YEHBUL,Nc1nc(N)nc(N)n1,[5]
YEJFAU,NCCN,[1]
YEJWAN,CNC,[]
YEJWER,CNC,[]
YEJWIV,CNC,[]
YEKDEA,c1cc(CCCc2ccncc2)ccn1,[]
YEKWET,c1nc[nH]n1,[1]
YEMTAO,c1c[nH]cn1,[12]
YEMZUO,C1CNCCN1,[12]
YENSOA,CN1CCN(C)CC1,[0]
YEPBIH,N=C(N)N,[15]
YEPFUU,C1CN2CCN1CC2,[6]
YEWKAP,CCNC,[7]
YEXWII,NCCCCCCN,[]
YEYHIU,c1ccc2[nH]c(CCCCc3nc4ccccc4[nH]3)nc2c1,[]
YEYYEJ,NCCCCN,[]
YEZKAS,C1CNCCNC1,"[2, 4]"
YEZRIF,NCCNCCN,[]
YIDHID,CC(N)c1ccccc1,[4]
YIDVUE,NCCNCCNCCN,[2]
YIHVOB,NCCCNCCNCCCN,[0]
YIJHAC,C1CNCCNC1,[1]
YIKLIP,Cc1ccc(N)cc1,[]
YIKQIS,c1cc(-c2ccncc2)ccn1,[1]
YIMJEK,c1c[nH]cn1,[6]
YIQKUE,C1CN2CCN1CC2,"[12, 1]"
YIQRUO,CCCCN,[1]
YIQSAV,CCNCC,"[5, 1]"
YIQSEZ,CNCCNC,"[5, 1]"
YIQSID,CCCCNCC,"[5, 1]"
YIQSOJ,CCNC1CCCCC1,"[5, 1]"
YIQSUP,CCNC(C)C,"[5, 1]"
YIQTAW,CCCNCC,"[5, 1]"
YIQTEA,CCCCNC,"[5, 1]"
YIQTIE,CCNC,"[5, 1]"
YIQTOK,CNCC(C)C,"[5, 1]"
YIQTUQ,CCCCCNC,"[5, 1]"
YIVFER,C1CN2CCN1CC2,[1]
YIVTUU,c1cc(CCCc2ccncc2)ccn1,[1]
YIVVAC,C(=Cc1ccncc1)c1ccncc1,[1]
YIXZEL,NCCNCCN,[1]
YIYSAD,CN(C)c1ccncc1,[5]
YOKVUR,CN(C)C(=N)NC(=N)N,[]
YOKWAY,CN(C)C(=N)NC(=N)N,[]
YOKWEC,CN(C)C(=N)NC(=N)N,[]
YOKXEC,CC1CNCCN1,[]
YOMVIG,c1c[nH]cn1,[1]
YONYOQ,CNC,[]
YOQXEJ,CN(C)CCN(C)C,"[14, 12]"
YORPUS,Cc1ncc[nH]1,[]
YORRII,c1ccncc1,[0]
YOTHOG,NCCN1CCNCC1,[]
YOTHUM,NCCCCCN,[]
YOVMII,CN(C)c1ccncc1,[0]
YOVMOO,CN(C)c1ccncc1,[0]
YOXXEP,NCCN,[]
YUFWAZ,CNC,[7]
YUFWED,CNC,[7]
YUGDAI,C1CN2CCN1CC2,[4]
YUGDEM,C1CN2CCN1CC2,[4]
YUGFEO,C1CN2CCN1CC2,[4]
YUHLIW,NCCN,[]
YUHWUV,Cc1cccc(-c2ccccn2)n1,[10]
YUJVOQ,CNC,[4]
YUJWAD,CNC,[4]
YUKTUU,N=C(N)N,[7]
YUKVAC,N=C(N)N,[7]
YUKVEG,N=C(N)N,[7]
YUKVIK,N=C(N)N,[7]
YUKVOQ,N=C(N)N,[7]
YUKVUW,N=C(N)N,[7]
YULBAJ,CCNCC,[1]
YUMHUK,NCCNCCN,[1]
YUMJAS,NCCNCCN,[1]
YUMJOG,c1cc(-c2ccncc2)ccn1,[5]
YUMZIQ,c1cc(CCCc2ccncc2)ccn1,[5]
YUNBEQ,N=C(N)N,[4]
YUNBIU,Nc1ccccn1,[4]
YUSTOX,CNC,[]
YUSVAL,CNC,[]
YUWVAN,C1CN2CCN1CC2,[1]
YUWVOB,CN,[]
YUWVUH,c1cc(-c2ccncc2)ccn1,[10]
YUWWAO,c1cc(-c2ccncc2)ccn1,[10]
YUXMEL,CCCN,[26]
YUXMIP,NCCCN,[26]
YUXMOV,NCCCCN,[26]
YUXMUB,NCCCCCCN,[26]
YUXNAI,C1CNCCN1,[26]
YUXNEM,C1CNCCN1,[26]
YUZSUH,C1CNCCN1,[1]
ZACCUB,CN(C)CCN(C)C,[1]
ZADHUK,CN(C)c1ccncc1,[]
ZAHDEU,Nc1ncnc2[nH]cnc12,[]
ZAJZES,NCCCCCCN,[0]
ZAKZUG,C1CNCCN1,[1]
ZALBAP,NCCCN1CCN(CCCN)CC1,[1]
ZALBET,C1CN2CCN1CC2,[1]
ZALBIX,C1CN2CCN1CC2,[1]
ZAQZOG,NCCN,[1]
ZASHUY,c1ccc(-c2cc[nH]n2)nc1,[]
ZAXYUS,C1CNCCN1,[]
ZAYRUO,c1cc(-c2ccncc2)ccn1,[5]
ZAYSAV,c1cc(-c2ccncc2)ccn1,[5]
ZAZNUL,NCCCCCCN,[1]
ZEBPOO,c1c[nH]cn1,[0]
ZECCUF,Nc1ccccc1,[]
ZEDMOM,CNC,[2]
ZEDNIH,CNC,[2]
ZEDNON,NCCN,[2]
ZEDNUT,NCCN,[2]
ZEDPAB,NCCN,[2]
ZEDPEF,NCCN,[2]
ZEDPIJ,NCCN,[2]
ZEDPOP,NCCN,[2]
ZEFMAA,c1cc(-c2ccncc2)ccn1,[4]
ZEHBUJ,C1CNCCN1,[1]
ZEHCAQ,C1CNCCN1,[1]
ZEJRAH,c1c[nH]cn1,[4]
ZENSUJ,c1cn(-c2cc(-n3ccnc3)cc(-n3ccnc3)c2)cn1,[]
ZEQMAL,c1ccc2[nH]c(CCCCc3nc4ccccc4[nH]3)nc2c1,[4]
ZEQMIR,N=C(N)N,[15]
ZERGOS,CCCN(CCC)CCC,[]
ZESLAK,CCCCCCN,[]
ZESQIX,c1ccc(-c2ccncc2)nc1,[]
ZESQOD,c1ccc(N=c2cccc[nH]2)nc1,[]
ZESQUJ,c1cc(-c2ccncc2)ccn1,[]
ZETMET,Cc1cccc(N2CCNCC2)c1C,[1]
ZEXCOU,NCCN,[1]
ZICKIH,CNC,[]
ZICKON,CNC,[]
ZIGLOT,CNC,[7]
ZILDUV,NCCCCCCN,[1]
ZILFAD,NCCCCCCN,[1]
ZILFEH,NCCCCCCN,[1]
ZITSEA,C1CNCCN1,[]
ZITWAD,CNC,[5]
ZIWKEV,NCCN,[]
ZIWKIZ,C1CNCCN1,[]
ZIXDAO,CN,[7]
ZIXDES,CNC,[7]
ZIXDIW,CN,[7]
ZOBPIR,CNC,[1]
ZOCHAD,C1N2CN3CN1CN(C2)C3,[]
ZODMUD,CNC,"[13, 3]"
ZODQOB,CNC,"[13, 3]"
ZODTOD,CC(N)CN,[]
ZOGRAO,NCCN,[1]
ZOHFUA,c1c[nH]cn1,[1]
ZOHNIV,c1cc(-c2ccncc2)ccn1,[2]
ZOLJEP,NCCCN,[]
ZOPDIT,NCCN,"[14, 12]"
ZOQFIW,NC1CCC(N)CC1,[1]
ZOQFOC,C1CNCCN1,[1]
ZOTTUX,C1CCNC1,[1]
ZOZBAR,NCCN,[2]
ZOZBEV,CCN(CC)CC,[]
ZUCQOF,CCC1=C(CC)c2nc1c1[nH]c(c(CC)c1CC)c1[nH]c(c3nc(c4[nH]c(c(CC)c4CC)c4[nH]c(c(CC)c4CC)c4[nH]c(c(CC)c4CC)c4[nH]c2c(CC)c4CC)C(CC)=C3CC)c(CC)c1CC,[]
ZULVAF,NCCN1CCNCC1,[1]
ZULVEJ,CN(C)CCCN,[1]
ZUNRAD,Cc1c(Cn2ccnc2)c(C)c(Cn2ccnc2)c(C)c1Cn1ccnc1,[]
ZUNREH,Cc1c(Cn2ccnc2)c(C)c(Cn2ccnc2)c(C)c1Cn1ccnc1,[]
ZURJII,C1CCNCC1,[4]
ZUSXOA,C1CN2CCN1CC2,[]
ZUSZAQ,N=C(N)N,[8]
ZUTBUN,CN1CCNCC1,[1]
ZUWVUI,CN1CCN(C)CC1,[0]
ZUWWAP,C1CNCCN1,[0]
ZUZHEH,C1CNCCN1,[]
